"obs","id","time","strawberry","blueberry","pina.colada","plain","mixed.berry","price"
1,"2100081",9678,0,0,0,0,1,58.96
2,"2100081",9697,0,0,0,0,1,58.96
3,"2100081",9825,0,0,0,0,1,65.04
4,"2100081",9999,0,0,0,0,1,65.04
5,"2100081",10015,1,0,1,0,1,48.96
6,"2100081",10029,1,0,2,0,1,65.04
7,"2100081",10036,0,0,0,0,1,65.04
8,"2100081",10042,0,0,0,0,1,65.04
9,"2100081",10083,0,0,0,0,1,65.04
10,"2100081",10091,0,0,0,0,1,65.04
11,"2100081",10097,0,0,0,0,3,65.04
12,"2100081",10109,0,0,0,0,1,65.04
13,"2100081",10119,0,0,0,0,2,68.96
14,"2100081",10126,0,0,0,0,2,68.96
15,"2100081",10128,1,0,0,0,0,68.96
16,"2100081",10134,0,0,0,0,3,68.96
17,"2100081",10141,0,0,0,0,3,68.96
18,"2100081",10173,0,0,0,0,2,68.96
19,"2100081",10190,2,0,0,0,0,68.96
20,"2100081",10204,0,0,0,0,1,68.96
21,"2100081",10207,0,0,0,0,2,68.96
22,"2100081",10214,0,0,0,0,3,68.96
23,"2100081",10231,0,0,0,0,3,68.96
24,"2100081",10235,0,0,0,0,1,68.96
25,"2100081",10240,0,0,0,0,2,68.96
26,"2100081",10301,1,0,0,0,2,39.04
27,"2100081",10307,0,0,0,0,2,68.96
28,"2100081",10309,0,0,0,0,3,68.96
29,"2100081",10336,0,0,0,0,1,68.96
30,"2100081",10351,0,0,0,0,1,68.96
31,"2100081",10353,2,0,0,0,0,68.96
32,"2100081",10438,0,0,0,0,8,24.96
33,"2100081",10440,3,0,0,0,3,68.96
34,"2100081",10453,0,0,0,0,1,50
35,"2100370",9934,0,0,0,0,1,50
36,"2100370",9949,2,0,0,0,0,45.04
37,"2100370",9973,0,0,0,0,1,65.04
38,"2100370",9978,1,0,0,0,1,65.04
39,"2100370",9984,1,0,1,0,0,65.04
40,"2100370",9991,0,0,0,0,1,65.04
41,"2100370",9997,0,0,0,0,1,65.04
42,"2100370",10026,1,0,1,0,0,65.04
43,"2100370",10040,1,0,1,0,0,65.04
44,"2100370",10067,0,0,1,0,0,65.04
45,"2100370",10081,1,0,0,0,0,65.04
46,"2100370",10110,1,0,0,0,0,65.04
47,"2100370",10417,0,0,0,2,0,68.96
48,"2100396",9748,0,0,1,0,1,39.04
49,"2100396",10110,0,0,2,0,0,33.04
50,"2100396",10150,2,0,2,0,0,33.04
55,"2100669",10003,0,0,1,0,0,68.96
56,"2100669",10350,0,1,0,0,0,68.96
57,"2100768",9707,1,0,0,0,0,58.96
58,"2100768",9779,0,2,0,0,0,65.04
59,"2100818",9703,0,0,0,1,0,58.96
60,"2100818",9886,0,0,0,0,1,65.04
61,"2100818",9899,0,0,0,0,2,65.04
62,"2100818",9906,0,0,0,0,2,65.04
63,"2100818",10032,0,0,0,0,1,65.04
64,"2100818",10153,0,0,1,0,0,68.96
65,"2100818",10165,0,0,0,0,1,68.96
66,"2100818",10173,0,0,1,0,0,68.96
67,"2100818",10343,0,0,0,0,2,50
68,"2100818",10367,0,0,1,0,0,68.96
69,"2100909",9991,0,1,0,0,0,48.96
70,"2100909",10148,0,1,1,0,0,33.04
71,"2100909",10160,0,1,0,0,0,68.96
72,"2100909",10172,0,3,0,0,0,39.04
73,"2100909",10250,0,1,0,0,0,68.96
74,"2100909",10301,0,1,0,0,0,39.04
75,"2100909",10341,0,1,0,0,0,50
78,"2101394",9730,0,1,0,0,0,58.96
80,"2101394",9843,0,1,0,0,1,65.04
81,"2101394",9919,0,0,0,1,0,65.04
82,"2101394",10147,0,0,4,0,0,68.96
83,"2101394",10153,0,0,0,2,0,33.04
84,"2101394",10182,0,0,2,0,0,68.96
86,"2101758",10342,2,0,0,0,0,50
87,"2101758",10379,1,0,0,0,0,50
93,"2101782",9815,1,0,0,0,1,65.04
94,"2101782",9823,1,0,0,0,0,65.04
95,"2101782",10092,0,0,0,0,1,65.04
96,"2101782",10124,1,0,0,0,0,65.04
97,"2101782",10201,0,0,0,0,1,68.96
98,"2101782",10454,1,0,0,0,0,68.96
99,"2101790",9691,0,0,0,0,2,58.96
100,"2101790",9693,1,0,0,0,0,58.96
101,"2101790",9704,0,0,0,0,2,58.96
102,"2101790",9707,0,0,0,0,2,58.96
103,"2101790",9737,0,0,0,0,4,58.96
104,"2101790",9750,0,0,2,0,0,58.96
105,"2101790",9766,0,0,0,0,3,58.96
106,"2101790",9773,0,0,2,0,4,65.04
107,"2101790",9782,0,0,0,0,2,65.04
108,"2101790",9796,0,0,0,0,2,65.04
109,"2101790",9801,0,0,0,0,2,65.04
110,"2101790",9814,0,0,1,0,1,65.04
111,"2101790",9835,0,0,0,0,2,65.04
112,"2101790",9840,0,0,2,0,0,65.04
113,"2101790",9893,0,0,2,0,4,65.04
114,"2101790",9897,0,0,0,0,2,65.04
115,"2101790",9915,0,0,0,0,4,65.04
116,"2101790",9927,0,0,0,0,1,65.04
117,"2101790",9955,0,0,0,0,4,45.04
118,"2101790",9957,0,0,0,0,4,65.04
119,"2101790",9961,0,0,0,0,2,65.04
120,"2101790",9975,0,0,0,0,3,65.04
121,"2101790",9982,0,0,0,0,4,65.04
122,"2101790",10003,0,0,0,0,2,65.04
123,"2101790",10019,0,0,2,0,2,65.04
124,"2101790",10028,8,0,0,0,0,65.04
125,"2101790",10039,0,0,2,0,6,65.04
126,"2101790",10044,0,0,0,0,4,65.04
127,"2101790",10045,0,0,2,0,6,65.04
128,"2101790",10052,0,0,0,0,6,65.04
129,"2101790",10062,0,0,0,0,6,65.04
130,"2101790",10065,0,0,2,0,4,65.04
131,"2101790",10076,0,0,0,0,2,65.04
132,"2101790",10078,0,0,0,0,5,65.04
133,"2101790",10099,0,0,0,0,2,65.04
134,"2101790",10103,0,0,3,0,3,65.04
135,"2101790",10113,0,0,1,0,5,68.96
136,"2101790",10122,0,0,0,0,2,68.96
137,"2101790",10205,0,0,0,0,4,68.96
138,"2101790",10297,0,0,0,0,2,68.96
139,"2101790",10316,2,0,0,0,0,68.96
140,"2101790",10318,0,0,1,0,0,68.96
141,"2101790",10339,0,0,2,0,2,68.96
142,"2101790",10353,0,0,2,0,0,68.96
143,"2101790",10404,0,0,0,0,4,68.96
144,"2101790",10408,2,0,1,0,5,68.96
146,"2101790",10455,2,0,2,0,4,68.96
147,"2101980",10142,0,0,0,1,0,68.96
148,"2101980",10324,0,0,0,1,0,68.96
150,"2102095",9816,0,0,1,0,0,65.04
151,"2102095",10169,0,1,1,0,0,68.96
152,"2102095",10428,0,0,0,0,1,65.04
153,"2102129",10119,1,1,0,0,0,65.04
154,"2102129",10411,0,1,0,0,1,65.04
155,"2102129",10455,0,0,2,0,0,68.96
159,"2102715",9673,0,0,0,1,0,58.96
160,"2102715",9680,0,0,0,1,0,58.96
161,"2102715",9702,0,0,0,1,0,58.96
162,"2102715",9752,0,0,0,1,0,58.96
163,"2102715",9769,0,0,0,1,0,68.96
164,"2102715",9797,0,0,0,1,0,65.04
165,"2102715",9816,0,0,0,1,0,65.04
166,"2102715",9844,0,0,0,1,0,65.04
167,"2102715",9878,0,0,0,1,0,68.96
168,"2102715",9900,0,0,0,1,0,68.96
169,"2102715",9932,0,0,0,3,0,50
170,"2102715",9935,0,0,0,4,0,50
173,"2102913",10416,0,0,1,0,0,68.96
174,"2102913",10423,0,0,1,0,0,68.96
175,"2102913",10430,0,0,1,0,0,68.96
176,"2102913",10436,0,0,1,0,0,68.96
177,"2103218",10162,0,0,0,1,0,68.96
178,"2103218",10349,0,0,0,1,0,68.96
179,"2103218",10388,0,0,0,2,0,50
182,"2103291",9702,0,0,1,0,1,58.96
183,"2103291",9713,0,0,1,0,1,58.96
184,"2103291",9716,0,0,2,0,0,58.96
185,"2103291",9723,0,0,1,0,1,58.96
186,"2103291",9744,1,1,1,0,0,39.04
187,"2103291",9775,0,1,1,0,1,39.04
188,"2103291",9807,1,0,1,0,0,39.04
189,"2103291",9992,1,1,1,0,0,48.96
190,"2103291",10024,1,0,0,0,0,48.96
191,"2103291",10115,1,1,0,0,1,48.96
192,"2103291",10154,2,2,0,0,0,33.04
193,"2103291",10171,0,0,0,0,1,39.04
194,"2103291",10263,1,1,0,0,0,44
195,"2103291",10277,1,1,1,0,0,50
196,"2103291",10283,0,1,0,0,0,50
197,"2103291",10297,0,2,0,0,0,39.04
198,"2103291",10311,0,1,0,0,0,68.96
199,"2103291",10381,0,1,0,0,0,68.96
200,"2103390",9944,0,0,0,0,1,65.04
201,"2103390",10108,0,1,0,0,1,33.04
203,"2103887",10018,0,0,0,0,1,48.96
204,"2103887",10108,3,3,0,0,0,33.36
206,"2103887",10211,1,0,1,1,0,68.96
207,"2103994",9678,0,1,1,0,1,58.96
208,"2103994",10231,0,0,1,1,1,68.96
209,"2103994",10437,0,0,0,2,0,68.96
210,"2104067",9672,0,0,0,2,0,58.96
211,"2104067",9957,0,0,0,1,0,65.04
212,"2104091",9708,0,1,0,0,0,58.96
213,"2104091",9947,0,0,0,0,1,65.04
214,"2104091",10056,0,0,0,0,1,65.04
215,"2104091",10381,0,0,2,0,1,50
216,"2104273",9778,1,0,0,0,0,65.04
217,"2104273",9933,1,0,0,0,0,65.04
218,"2104273",9998,0,1,0,0,0,65.04
219,"2104273",10349,0,1,0,0,0,68.96
221,"2104547",9671,1,0,0,0,1,58.96
222,"2104547",9727,1,0,0,0,1,58.96
223,"2104547",9768,1,0,0,0,1,58.96
224,"2104547",9776,0,0,0,0,1,39.04
225,"2104547",9784,1,0,0,0,0,65.04
226,"2104547",9804,1,0,0,0,0,65.04
227,"2104547",9874,0,0,0,0,1,65.04
228,"2104547",9895,1,0,0,0,0,65.04
229,"2104547",10041,0,1,0,0,0,65.04
230,"2104547",10042,0,1,0,0,0,65.04
231,"2104547",10049,0,0,0,0,1,65.04
232,"2104547",10063,0,3,0,0,0,65.04
233,"2104547",10084,0,2,0,0,0,65.04
234,"2104547",10098,0,1,0,0,0,65.04
235,"2104547",10105,0,3,0,0,0,65.04
236,"2104547",10140,0,2,0,0,0,68.96
237,"2104547",10238,0,0,0,0,1,68.96
238,"2104547",10245,0,2,0,0,0,68.96
239,"2104547",10252,0,2,0,0,0,68.96
240,"2104547",10266,0,2,0,0,0,44
241,"2104547",10280,0,1,0,0,0,68.96
242,"2104547",10343,0,0,0,2,0,68.96
244,"2104620",10279,0,0,0,1,0,39.04
245,"2104620",10386,0,0,0,2,0,50
248,"2104950",9773,1,0,0,2,0,39.04
249,"2104950",9813,1,0,0,0,0,65.04
250,"2104950",9980,4,0,0,0,0,65.04
251,"2104950",10340,1,0,0,0,0,50
252,"2104950",10344,2,0,0,0,0,50
253,"2104950",10353,2,0,0,0,0,68.96
256,"2105155",10255,2,0,0,0,0,68.96
257,"2105155",10408,1,0,0,0,0,68.96
258,"2105155",10413,1,0,0,0,0,68.96
259,"2105155",10431,1,1,0,0,0,24.96
260,"2105239",10175,0,0,1,0,0,39.04
261,"2105239",10256,0,0,1,0,0,68.96
262,"2105239",10266,0,0,0,0,1,44
263,"2105254",9745,2,0,3,0,0,39.04
264,"2105254",9807,0,0,0,2,0,39.04
265,"2105254",10053,0,0,0,2,0,65.04
266,"2105254",10149,2,0,2,0,0,33.04
267,"2105254",10154,3,0,0,0,0,33.04
268,"2105254",10455,0,0,0,2,0,50
269,"2105320",10257,0,0,0,1,0,68.96
270,"2105320",10381,0,1,1,0,0,50
271,"2105346",9911,1,0,0,0,0,50
272,"2105346",9922,1,0,0,0,0,65.04
273,"2105346",9939,1,0,0,0,0,65.04
274,"2105346",10101,1,0,0,0,0,65.04
276,"2105361",10084,0,0,2,0,0,65.04
277,"2105361",10172,0,0,4,0,0,39.04
278,"2105361",10210,0,0,1,0,0,68.96
279,"2105361",10295,0,0,1,0,0,39.04
281,"2105403",9748,0,1,2,0,1,39.04
282,"2105403",9770,1,0,2,0,0,39.04
283,"2105403",9774,0,0,0,0,1,39.04
284,"2105403",9806,0,0,4,0,0,39.04
285,"2105403",10173,0,1,2,0,0,39.04
286,"2105403",10326,0,0,1,0,0,68.96
287,"2105403",10390,0,0,1,0,0,50
288,"2105759",9704,1,0,0,0,1,58.96
289,"2105759",9745,1,0,0,0,0,58.96
290,"2105759",9788,1,0,0,0,1,65.04
291,"2105759",9802,0,0,0,0,1,65.04
292,"2105759",9841,0,0,0,0,2,65.04
293,"2105759",9855,4,0,0,0,0,65.04
294,"2105759",9989,1,0,0,0,1,65.04
295,"2105759",10005,1,0,0,0,1,65.04
296,"2105759",10012,2,0,0,0,0,65.04
297,"2105759",10019,2,0,0,0,0,65.04
298,"2105759",10047,1,0,0,0,1,65.04
299,"2105759",10055,1,0,0,0,1,65.04
300,"2105759",10061,0,0,0,0,1,65.04
301,"2105759",10069,1,0,0,0,0,65.04
302,"2105759",10075,1,0,0,0,0,65.04
303,"2105759",10082,0,0,0,0,1,65.04
304,"2105759",10110,3,0,0,0,0,33.36
305,"2105759",10124,1,0,0,0,1,68.96
306,"2105759",10138,3,0,0,0,0,68.96
307,"2105759",10145,0,0,0,0,1,68.96
308,"2105759",10178,1,0,0,0,1,68.96
309,"2105759",10187,1,0,0,0,1,68.96
310,"2105759",10257,0,0,0,0,1,68.96
311,"2105759",10298,6,0,0,0,0,39.04
312,"2105759",10374,1,0,0,0,0,68.96
313,"2105759",10432,0,0,0,0,1,68.96
314,"2106047",9833,0,0,0,2,0,65.04
315,"2106047",9950,1,0,0,0,0,45.04
316,"2106047",10102,0,0,0,1,0,65.04
317,"2106047",10118,1,0,0,0,0,68.96
318,"2106286",9758,0,0,0,1,0,58.96
319,"2106286",9826,2,0,0,0,0,65.04
320,"2106286",10016,2,0,0,0,0,48.96
321,"2106286",10148,0,0,0,1,0,68.96
322,"2106286",10194,1,0,0,0,0,68.96
323,"2106286",10242,0,0,0,1,0,68.96
324,"2106286",10271,3,0,0,0,0,68.96
325,"2106351",10247,0,0,0,1,0,68.96
327,"2106351",10431,0,8,0,0,0,24.96
328,"2106401",9787,1,1,0,0,0,39.04
329,"2106401",10341,1,1,0,0,0,50
330,"2106567",9807,0,1,0,0,0,39.04
331,"2106567",10296,0,0,0,1,0,39.04
332,"2106724",9946,0,0,0,0,1,65.04
333,"2106724",10338,0,0,0,0,1,50
334,"2106724",10358,0,0,0,0,1,68.96
335,"2106724",10379,0,0,1,0,0,50
336,"2106724",10450,0,1,0,0,0,50
337,"2106724",10456,0,0,1,0,1,50
338,"2106799",9718,5,0,0,0,0,58.96
339,"2106799",9771,2,2,0,0,0,39.04
340,"2106799",10108,0,6,0,0,0,33.36
341,"2106799",10127,4,0,0,0,0,39.04
342,"2106799",10144,0,0,0,0,6,68.96
343,"2106799",10309,0,2,0,0,0,68.96
344,"2106799",10318,2,0,0,0,0,65.04
345,"2106799",10425,2,2,0,0,2,50
347,"2107094",9797,0,0,0,1,0,65.04
348,"2107094",10213,0,0,0,2,0,68.96
349,"2107300",9795,1,0,0,0,0,65.04
351,"2107300",9872,0,1,0,0,0,65.04
352,"2107391",9996,1,0,0,0,3,39.04
353,"2107391",10111,2,0,2,0,0,33.04
354,"2107391",10379,1,0,0,0,0,50
355,"2107391",10430,0,2,3,0,0,24.96
356,"2107391",10437,0,0,8,0,0,24.96
357,"2107706",9944,0,0,0,0,2,65.04
358,"2107706",9953,0,0,0,0,1,65.04
359,"2107706",9968,0,0,0,0,1,65.04
360,"2107706",9980,0,0,0,0,1,65.04
361,"2107706",9997,0,0,0,1,0,65.04
362,"2107953",9754,0,0,1,0,0,48.96
363,"2107953",9758,0,0,2,0,0,48.96
364,"2107953",9766,0,0,1,0,0,58.96
365,"2107953",9777,0,0,6,0,0,48.96
366,"2107953",9782,0,0,1,0,0,39.04
367,"2107953",9787,0,0,2,0,0,39.04
368,"2107953",9793,0,0,1,0,0,65.04
369,"2107953",9801,0,0,1,0,0,65.04
371,"2107953",10109,0,0,0,6,0,33.36
372,"2107953",10114,0,0,2,0,0,50
373,"2108100",9801,0,0,1,0,0,65.04
374,"2108100",9830,0,0,0,0,4,65.04
375,"2108100",9864,0,0,0,0,2,65.04
376,"2108100",9879,0,0,0,0,2,65.04
377,"2108209",9692,2,0,0,0,0,58.96
378,"2108209",10018,1,1,0,0,1,48.96
379,"2108209",10123,0,1,0,0,0,68.96
380,"2108209",10208,0,1,0,0,0,68.96
381,"2108209",10340,0,1,0,0,0,50
382,"2108639",9899,2,0,0,0,0,65.04
383,"2108639",9902,1,0,0,0,0,65.04
384,"2108639",9903,1,0,0,0,0,65.04
386,"2108639",9910,1,0,0,0,0,55.04
387,"2108639",9916,1,0,0,0,0,65.04
388,"2108639",9918,1,0,0,0,0,65.04
389,"2108639",9923,1,0,0,0,0,65.04
390,"2108639",10349,1,0,0,0,0,65.04
391,"2108704",10109,0,0,2,0,0,33.04
392,"2108704",10250,0,0,1,0,0,68.96
393,"2108704",10275,1,0,0,0,0,50
394,"2108704",10280,1,0,1,0,0,50
396,"2108944",9663,1,2,0,0,0,62
397,"2108944",9670,0,0,1,0,0,62
398,"2108944",9679,0,1,0,0,0,58.96
399,"2108944",9687,0,0,1,0,0,58.96
400,"2108944",9720,1,0,1,0,0,58.96
401,"2108944",9733,0,1,1,0,0,58.96
402,"2108944",9748,0,1,1,0,0,58.96
403,"2108944",9757,0,1,1,0,0,58.96
404,"2108944",9768,0,0,1,0,0,58.96
406,"2108944",9780,1,1,0,0,0,65.04
407,"2108944",9790,1,0,0,0,0,65.04
408,"2108944",9811,0,1,1,0,0,65.04
409,"2108944",9824,0,1,0,0,0,65.04
410,"2108944",9924,0,1,1,0,0,65.04
411,"2108944",9929,0,0,0,0,1,68.96
412,"2108985",9748,5,0,0,0,0,39.04
413,"2108985",9809,1,1,0,0,1,39.04
415,"2108985",10175,2,0,1,0,0,39.04
416,"2108985",10301,2,3,2,0,0,39.04
417,"2109025",9934,1,0,1,0,0,50
418,"2109025",10032,0,0,0,1,0,65.04
419,"2109033",10279,0,1,0,0,0,68.96
420,"2109033",10307,0,1,0,0,1,68.96
423,"2109298",9744,0,0,1,0,0,39.04
425,"2109298",9786,1,0,0,0,0,58.96
426,"2109298",9791,1,0,0,0,0,48.96
427,"2109298",9806,1,0,1,0,0,39.04
428,"2109298",9986,0,0,0,1,0,65.04
431,"2109298",10025,1,0,0,0,0,65.04
434,"2109298",10090,1,0,0,0,1,65.04
437,"2109298",10171,1,0,0,0,0,39.04
438,"2109298",10175,1,0,0,0,0,39.04
439,"2109298",10195,0,0,0,0,1,68.96
441,"2109298",10210,1,0,0,0,0,68.96
443,"2109298",10241,1,0,0,0,0,68.96
444,"2109298",10266,1,0,0,0,0,44
445,"2109298",10295,1,0,0,0,0,39.04
446,"2109298",10300,1,0,0,0,0,39.04
447,"2109298",10307,0,0,0,0,1,68.96
450,"2109298",10363,0,0,1,0,0,68.96
455,"2109769",9744,0,1,0,0,0,58.96
456,"2109769",9913,0,0,0,0,1,33.04
457,"2110007",9761,0,0,1,0,0,58.96
458,"2110007",9776,0,0,4,0,0,39.04
460,"2110007",10027,0,0,0,1,0,48.96
461,"2110007",10031,0,0,0,1,0,65.04
462,"2110007",10034,0,0,0,1,0,65.04
466,"2110031",9894,0,0,1,0,0,65.04
467,"2110031",9909,1,0,0,0,1,55.04
468,"2110031",9931,0,0,0,0,2,50
469,"2110031",9936,0,0,1,0,0,50
471,"2110031",9985,3,0,0,0,0,65.04
472,"2110031",9999,0,0,1,0,0,65.04
473,"2110031",10055,1,1,0,0,0,65.04
475,"2110031",10118,0,0,1,0,0,68.96
476,"2110031",10125,1,1,0,0,0,68.96
477,"2110031",10128,0,0,0,1,0,68.96
478,"2110031",10132,0,0,1,0,0,68.96
480,"2110031",10169,1,1,1,0,0,68.96
481,"2110031",10180,0,2,0,0,0,68.96
482,"2110031",10205,0,1,0,0,1,68.96
483,"2110031",10216,0,0,0,2,0,68.96
484,"2110031",10225,0,0,1,0,1,68.96
485,"2110031",10235,0,1,1,0,1,68.96
486,"2110031",10249,1,1,0,0,0,65.04
488,"2110031",10292,1,0,0,0,0,65.04
489,"2110031",10300,0,1,1,0,0,39.04
490,"2110031",10301,0,0,0,0,1,39.04
491,"2110031",10375,0,1,1,0,0,68.96
492,"2110056",10172,2,0,0,0,0,39.04
493,"2110056",10448,0,0,1,0,0,50
494,"2110411",9692,0,0,0,2,0,58.96
496,"2110411",9745,0,1,1,0,0,39.04
497,"2110411",9750,0,2,0,2,0,48.96
498,"2110411",9778,0,2,0,2,0,65.04
499,"2110411",9966,0,0,0,1,0,65.04
500,"2110411",9999,0,0,0,2,0,39.04
501,"2110411",10006,0,0,0,1,0,65.04
502,"2110411",10036,0,0,0,2,0,65.04
503,"2110411",10110,0,0,0,2,0,65.04
504,"2110411",10112,0,0,0,6,0,33.36
505,"2110411",10150,0,0,0,6,0,33.36
506,"2110411",10162,0,0,0,2,0,50
507,"2110411",10172,0,2,1,0,0,39.04
508,"2110411",10173,0,2,3,0,0,39.04
509,"2110411",10175,0,3,0,0,0,39.04
510,"2110411",10237,0,0,0,2,0,68.96
511,"2110411",10290,0,0,0,1,0,68.96
512,"2110411",10299,0,0,0,1,0,68.96
513,"2110411",10342,0,0,0,1,1,50
514,"2110460",9942,0,1,0,0,0,65.04
515,"2110460",10032,0,1,0,0,0,65.04
516,"2110460",10300,0,0,0,0,2,39.04
517,"2110635",10046,0,2,0,0,0,65.04
518,"2110635",10068,0,1,0,0,0,65.04
519,"2110635",10342,0,1,0,0,1,50
520,"2110775",10256,0,0,0,0,2,68.96
521,"2110775",10305,1,0,0,0,1,65.04
523,"2110775",10347,1,0,0,0,0,68.96
525,"2110890",9876,0,0,0,1,0,65.04
526,"2110890",9930,0,0,0,1,0,65.04
527,"2110890",9939,0,0,0,0,1,65.04
528,"2110965",9993,0,4,0,0,0,48.96
529,"2110965",10000,0,2,0,0,0,65.04
530,"2110965",10096,0,3,0,0,0,65.04
531,"2111203",10151,1,0,0,0,0,33.04
532,"2111203",10270,1,0,0,0,0,50
535,"2111385",9932,2,0,0,0,0,50
536,"2111385",9935,1,0,0,0,0,50
537,"2111385",9945,1,0,0,0,0,65.04
538,"2111385",10021,1,0,0,0,0,48.96
540,"2111674",9752,0,0,1,0,0,58.96
541,"2111674",9767,3,0,0,0,0,58.96
542,"2111674",9851,0,0,0,0,1,65.04
543,"2111674",9864,0,0,0,0,2,65.04
544,"2111674",9907,0,0,1,0,0,55.04
545,"2111674",9921,1,1,0,0,2,65.04
546,"2111674",9935,1,0,1,0,1,50
547,"2111674",9968,0,1,1,0,0,65.04
548,"2111674",9978,0,0,0,0,1,65.04
549,"2111674",10184,0,1,0,0,0,68.96
553,"2111922",9675,1,0,1,0,0,58.96
554,"2111922",9763,1,0,0,0,2,58.96
555,"2111922",9784,1,0,1,0,2,65.04
556,"2111922",9796,2,0,0,0,2,65.04
557,"2111922",9800,0,0,1,0,1,65.04
558,"2111922",9936,1,0,1,0,1,65.04
559,"2111922",10020,1,0,0,0,1,48.96
560,"2111922",10084,1,0,1,0,1,65.04
561,"2111922",10105,1,0,1,0,1,65.04
562,"2111922",10120,1,0,1,0,1,68.96
563,"2111922",10132,0,0,1,0,0,68.96
564,"2111922",10162,1,0,1,0,1,68.96
565,"2111922",10177,1,0,0,0,1,68.96
566,"2111922",10186,0,0,1,0,0,68.96
567,"2111922",10275,0,0,0,1,0,68.96
568,"2111922",10302,1,1,0,0,1,68.96
569,"2111922",10366,0,0,0,0,1,68.96
570,"2111922",10379,0,0,0,0,2,50
571,"2112235",9747,0,0,0,1,0,58.96
573,"2112235",10021,0,0,0,0,1,48.96
574,"2112235",10301,0,0,0,1,0,68.96
576,"2112235",10366,0,0,0,1,0,68.96
579,"2112482",9776,0,0,0,1,0,39.04
580,"2112482",10175,1,0,0,0,0,39.04
581,"2112482",10301,1,0,0,1,0,39.04
582,"2112516",9720,1,0,0,0,0,58.96
583,"2112516",9768,0,1,0,0,0,58.96
584,"2112516",9771,4,0,0,0,0,58.96
585,"2112516",9813,0,0,0,0,2,65.04
586,"2112516",9899,0,0,0,0,2,65.04
587,"2112516",9973,5,0,0,0,0,65.04
588,"2112516",10095,1,0,0,0,0,65.04
589,"2112516",10191,1,0,0,0,0,68.96
590,"2112516",10338,0,0,0,0,1,68.96
591,"2112516",10355,0,0,0,0,2,68.96
592,"2112516",10369,2,0,0,0,0,68.96
593,"2112516",10375,2,0,0,0,2,68.96
594,"2112516",10382,1,0,0,0,0,68.96
595,"2112516",10398,1,0,0,0,0,68.96
596,"2112516",10428,2,0,0,0,0,50
601,"2113340",9679,0,0,0,1,0,58.96
602,"2113340",9796,0,0,0,2,0,65.04
603,"2113340",10127,3,0,0,0,0,68.96
604,"2113340",10162,1,0,0,0,0,68.96
605,"2113340",10184,0,1,0,0,0,68.96
610,"2113472",9719,0,0,0,4,0,58.96
611,"2113472",10013,0,0,0,1,0,65.04
612,"2113472",10158,0,0,0,2,0,68.96
613,"2113472",10159,0,0,0,2,0,68.96
614,"2113472",10163,0,0,0,1,0,68.96
615,"2113472",10170,0,0,0,3,0,39.04
616,"2113472",10208,0,0,0,1,0,68.96
617,"2113472",10306,0,0,0,2,0,68.96
618,"2113472",10334,0,0,0,1,0,68.96
619,"2113472",10370,0,0,0,1,0,68.96
620,"2113472",10385,0,0,0,2,0,50
621,"2113472",10443,0,0,0,2,0,50
622,"2113613",9749,1,0,0,0,1,58.96
623,"2113613",9909,1,0,0,0,0,65.04
624,"2113613",10108,0,0,0,6,0,33.36
625,"2113613",10236,0,0,0,1,0,68.96
626,"2113779",9998,0,0,0,0,1,39.04
627,"2113779",10027,0,0,0,0,1,48.96
628,"2113779",10108,0,0,0,0,2,33.04
629,"2113779",10151,0,0,0,0,2,33.04
630,"2113779",10174,0,0,0,0,1,39.04
631,"2113779",10297,0,0,0,0,1,39.04
632,"2113779",10429,0,1,0,0,0,20
640,"2114025",10101,0,0,0,0,2,65.04
641,"2114025",10108,0,0,0,0,4,65.04
643,"2114025",10124,0,0,0,0,3,68.96
646,"2114025",10169,0,0,0,0,2,68.96
647,"2114025",10184,0,0,0,0,2,68.96
648,"2114025",10229,0,0,0,0,2,68.96
649,"2114025",10245,0,0,0,0,2,68.96
650,"2114025",10262,0,0,0,0,3,68.96
651,"2114025",10275,0,0,0,0,3,68.96
652,"2114025",10289,0,0,0,0,3,68.96
653,"2114025",10305,0,0,0,0,2,68.96
654,"2114025",10311,0,0,0,0,2,68.96
655,"2114025",10328,0,0,0,0,3,68.96
656,"2114025",10339,0,0,0,0,2,50
657,"2114025",10361,0,0,0,0,1,68.96
658,"2114025",10368,0,0,0,0,3,68.96
659,"2114025",10381,1,0,0,0,1,50
660,"2114025",10395,0,0,0,0,5,68.96
661,"2114025",10403,0,0,0,0,3,68.96
662,"2114025",10421,0,0,0,0,2,68.96
663,"2114025",10429,0,0,0,0,2,68.96
664,"2114025",10444,0,0,0,0,2,50
665,"2114041",10144,0,0,2,0,0,68.96
666,"2114041",10301,1,0,0,0,0,68.96
667,"2114074",9907,0,0,2,2,0,49.6
668,"2114074",9913,10,0,0,0,0,49.52
669,"2114074",9931,0,0,1,2,1,50
671,"2114074",9937,0,0,0,2,0,50
672,"2114074",9951,2,0,0,2,2,45.04
673,"2114074",9956,0,2,0,0,0,65.04
674,"2114074",10039,0,0,7,0,0,65.04
675,"2114074",10074,2,0,0,0,0,65.04
676,"2114074",10418,0,1,0,0,0,68.96
677,"2114074",10441,0,3,0,0,0,68.96
678,"2114074",10459,0,1,0,0,0,68.96
679,"2114231",10072,0,0,0,1,0,65.04
680,"2114231",10101,0,0,0,1,0,65.04
681,"2114231",10374,0,0,0,2,0,68.96
682,"2114314",9667,2,0,0,0,0,58.96
683,"2114314",10254,1,1,0,0,0,68.96
684,"2114314",10267,2,0,0,0,0,68.96
686,"2114348",9748,1,0,0,0,0,58.96
687,"2114348",9776,1,0,0,0,0,65.04
689,"2114348",9805,0,0,0,0,1,39.04
690,"2114348",9910,1,0,0,0,0,55.04
691,"2114348",9913,0,0,0,0,1,33.04
692,"2114348",9931,1,0,0,0,0,65.04
694,"2114348",9973,3,0,0,0,0,65.04
695,"2114348",9975,1,0,0,0,1,65.04
697,"2114348",10057,1,0,0,0,0,65.04
699,"2114348",10159,1,0,0,0,0,68.96
700,"2114348",10176,1,0,0,0,0,39.04
702,"2114348",10206,1,0,0,0,0,68.96
703,"2114348",10208,1,0,0,0,0,65.04
704,"2114348",10213,1,0,0,0,0,68.96
706,"2114348",10238,1,0,0,0,0,68.96
708,"2114348",10373,1,0,0,0,0,68.96
710,"2114371",9671,0,0,0,0,1,62
711,"2114371",9745,0,0,0,0,1,39.04
714,"2114819",9775,1,1,1,0,0,39.04
715,"2114819",9894,0,0,0,0,1,65.04
716,"2114819",9901,0,0,0,0,1,65.04
717,"2114819",10111,2,2,1,0,0,33.04
718,"2114892",9979,0,1,0,0,1,65.04
720,"2114892",10300,2,0,0,0,0,39.04
721,"2114942",9710,0,0,0,0,1,58.96
722,"2114942",9754,0,0,1,0,2,48.96
723,"2114942",9971,0,1,0,0,0,65.04
724,"2114942",9992,0,0,1,0,0,48.96
725,"2114942",10204,0,0,0,0,1,68.96
726,"2114942",10439,0,0,0,0,1,24.96
727,"2115006",9807,0,0,0,1,0,39.04
728,"2115006",10298,0,0,0,1,0,39.04
730,"2115220",10066,1,0,0,0,0,65.04
731,"2115220",10276,0,0,3,0,0,39.04
732,"2115220",10338,0,1,1,0,0,50
733,"2115220",10450,0,2,0,0,1,50
734,"2115527",9663,0,0,0,1,0,62
735,"2115527",9676,0,0,0,1,0,58.96
736,"2115527",9726,0,0,0,2,0,58.96
737,"2115527",9847,0,1,0,0,0,65.04
738,"2115527",9910,0,0,0,1,0,65.04
739,"2115527",10190,0,1,0,0,0,68.96
740,"2115527",10339,0,0,0,2,0,50
741,"2115527",10340,0,0,0,2,0,50
742,"2115527",10452,0,0,0,0,1,50
743,"2115998",9685,2,2,0,0,1,58.96
744,"2115998",9694,1,3,0,0,0,58.96
745,"2115998",9698,0,3,0,0,0,58.96
746,"2115998",9708,1,0,0,0,1,58.96
747,"2115998",9729,2,4,0,0,0,58.96
748,"2115998",9739,0,4,1,0,1,58.96
749,"2115998",9746,2,2,0,0,0,58.96
750,"2115998",9759,1,5,1,0,0,58.96
751,"2115998",9765,1,2,1,0,1,58.96
752,"2115998",9780,2,2,0,0,0,65.04
753,"2115998",9787,2,4,0,0,0,65.04
754,"2115998",9803,0,4,0,0,0,65.04
755,"2115998",9876,1,1,0,0,0,65.04
756,"2115998",9950,0,0,0,0,1,65.04
757,"2115998",9974,0,2,0,0,0,65.04
758,"2115998",9997,1,1,0,0,0,65.04
759,"2115998",10009,1,1,0,0,0,65.04
760,"2115998",10104,0,0,1,0,0,65.04
761,"2115998",10119,1,1,0,0,0,68.96
762,"2115998",10149,1,1,0,0,0,68.96
763,"2115998",10158,0,2,0,0,0,68.96
764,"2115998",10162,0,0,1,0,0,68.96
765,"2115998",10200,0,2,2,0,0,68.96
766,"2115998",10213,0,2,0,0,0,68.96
767,"2115998",10219,0,1,1,0,1,68.96
768,"2115998",10298,1,2,0,0,0,68.96
769,"2115998",10330,1,1,0,0,0,68.96
770,"2115998",10388,1,1,0,0,0,50
772,"2116277",9713,1,0,1,0,1,58.96
773,"2116277",9912,0,0,0,1,0,65.04
774,"2116434",10052,0,0,1,0,0,65.04
775,"2116434",10272,0,0,0,1,0,68.96
776,"2116558",9775,0,1,0,0,0,39.04
777,"2116558",10110,2,0,0,0,1,33.04
778,"2116558",10175,2,2,1,0,0,39.04
779,"2116558",10297,2,0,0,0,0,39.04
786,"2117069",9811,0,1,0,0,0,65.04
787,"2117069",9823,0,2,0,0,0,65.04
788,"2117069",9825,0,2,0,0,0,65.04
789,"2117069",9870,0,2,0,0,0,65.04
790,"2117069",9887,0,0,0,2,0,65.04
791,"2117069",9911,0,2,0,0,0,65.04
792,"2117069",9933,0,1,0,0,0,65.04
793,"2117069",9945,0,2,0,0,0,65.04
795,"2117069",10019,1,0,0,0,0,65.04
796,"2117069",10021,1,0,0,0,0,65.04
797,"2117069",10039,1,0,0,0,0,65.04
798,"2117069",10046,1,0,0,0,0,65.04
799,"2117069",10107,0,1,0,0,0,65.04
801,"2117226",9742,0,1,1,0,0,39.04
802,"2117226",9756,0,0,1,0,0,39.04
804,"2117242",10347,0,0,0,1,0,68.96
805,"2117242",10361,0,0,0,1,0,68.96
806,"2117317",9788,0,0,0,2,0,65.04
807,"2117317",9799,0,0,0,2,0,65.04
808,"2117317",9843,0,0,0,1,0,65.04
809,"2117317",9988,0,0,0,2,0,65.04
810,"2117317",9990,0,0,0,2,0,65.04
811,"2117317",10150,0,0,0,2,0,68.96
812,"2117317",10335,0,0,0,1,0,68.96
813,"2117788",9852,3,0,0,0,0,65.04
814,"2117788",10020,1,0,1,0,0,65.04
815,"2117788",10135,1,0,0,0,1,65.04
816,"2117788",10342,0,0,1,0,0,68.96
818,"2118182",9952,0,0,0,2,0,45.04
819,"2118182",10226,0,0,0,2,0,68.96
820,"2118182",10428,1,0,0,0,0,65.04
822,"2118299",10023,1,0,0,0,0,48.96
823,"2118299",10031,0,0,0,0,1,65.04
824,"2118299",10043,2,1,0,0,0,65.04
825,"2118299",10178,1,0,0,0,1,68.96
826,"2118299",10186,0,1,0,0,0,68.96
827,"2118299",10232,1,0,0,0,0,68.96
831,"2118299",10277,0,0,0,0,1,68.96
832,"2118299",10286,4,0,0,0,1,68.96
833,"2118299",10297,10,0,0,0,0,39.04
834,"2118299",10307,0,0,0,0,1,68.96
835,"2118299",10335,1,0,0,0,0,68.96
836,"2118299",10340,1,1,1,0,0,50
837,"2118299",10349,1,0,0,0,1,68.96
838,"2118299",10357,0,1,0,0,0,68.96
840,"2118299",10389,0,0,0,0,1,68.96
841,"2118299",10406,1,0,0,0,0,68.96
843,"2118299",10422,1,0,0,0,0,68.96
844,"2118299",10428,0,0,0,0,1,68.96
845,"2118299",10436,0,0,0,0,1,68.96
846,"2118612",9822,0,0,0,1,0,65.04
847,"2118612",9838,0,0,1,0,0,65.04
848,"2118612",9894,0,0,0,0,1,65.04
849,"2118612",9948,0,0,1,0,2,65.04
850,"2118612",9986,0,0,2,0,0,65.04
851,"2118612",10021,1,0,0,1,0,48.96
852,"2118612",10030,1,0,0,0,0,65.04
853,"2118612",10264,0,0,0,1,0,68.96
854,"2118612",10381,0,0,0,0,1,50
855,"2118612",10426,0,0,0,1,0,50
856,"2118612",10433,0,0,0,1,0,68.96
857,"2118612",10441,0,0,0,1,0,50
858,"2118778",9697,2,0,0,0,0,58.96
859,"2118778",9702,1,0,0,0,0,58.96
860,"2118778",9704,0,1,0,0,0,58.96
861,"2118778",9705,0,1,0,0,0,58.96
862,"2118778",9735,0,0,0,1,0,58.96
863,"2118778",9742,0,0,0,2,0,58.96
864,"2118778",9748,0,0,0,1,0,58.96
865,"2118778",9751,0,0,0,2,0,58.96
866,"2118778",9795,0,0,0,1,0,65.04
867,"2118778",9811,0,0,0,2,0,65.04
868,"2118778",9837,0,0,0,2,0,65.04
869,"2118778",9844,0,0,0,1,0,65.04
870,"2118778",9862,0,0,0,1,0,65.04
871,"2118778",9901,0,0,0,2,0,65.04
872,"2118778",9906,0,0,0,2,0,65.04
873,"2118778",10044,1,0,0,0,0,65.04
874,"2118778",10283,0,0,0,1,0,68.96
875,"2118778",10306,0,0,0,1,0,68.96
876,"2118778",10330,0,0,0,1,0,68.96
877,"2118927",9800,1,0,1,0,0,65.04
878,"2118927",9927,0,0,0,0,1,65.04
879,"2118927",9931,0,1,0,0,0,50
880,"2118927",9934,2,0,1,0,0,50
881,"2118927",9936,1,0,0,0,0,50
882,"2118927",9996,1,2,0,0,0,39.04
884,"2118927",10045,0,1,0,0,0,65.04
885,"2118927",10153,0,6,0,0,0,33.36
886,"2118927",10269,0,4,0,0,0,44
888,"2119024",9758,0,0,0,0,4,58.96
889,"2119024",9772,1,1,1,0,1,39.04
890,"2119024",9985,0,0,1,0,0,65.04
891,"2119024",10450,0,0,1,0,1,50
892,"2119164",9748,0,8,0,0,0,39.04
893,"2119164",9811,0,2,1,0,0,39.04
894,"2119164",9934,2,0,0,0,0,50
895,"2119164",10256,1,0,0,0,0,68.96
896,"2119164",10298,0,3,0,0,0,39.04
899,"2119594",9700,0,2,0,0,0,58.96
900,"2119594",9742,1,3,0,0,0,39.04
901,"2119594",9771,1,3,0,0,0,39.04
902,"2119594",9788,0,2,0,0,0,58.96
903,"2119594",9806,1,2,0,0,0,39.04
904,"2119594",9978,0,1,0,0,0,65.04
905,"2119594",10127,1,0,0,0,0,39.04
906,"2119594",10156,0,2,0,0,0,68.96
907,"2119594",10166,0,2,0,0,0,68.96
908,"2119594",10171,0,1,0,0,0,39.04
909,"2119594",10254,0,2,0,0,0,68.96
910,"2119693",9686,0,0,0,2,0,58.96
911,"2119693",9734,0,0,0,2,0,58.96
912,"2119693",9741,0,0,0,2,0,58.96
913,"2119693",9754,0,0,0,2,0,58.96
914,"2119693",9768,0,0,0,3,0,58.96
915,"2119693",9818,0,0,0,0,1,65.04
916,"2119693",9917,0,0,0,2,0,65.04
917,"2119693",10122,0,0,0,1,0,68.96
918,"2119693",10260,0,0,0,1,0,68.96
919,"2119693",10318,0,0,0,1,0,68.96
920,"2119693",10344,0,0,0,3,0,68.96
921,"2119735",9900,0,0,0,1,0,65.04
922,"2119735",9981,0,0,0,1,0,65.04
923,"2119735",10012,0,0,0,1,0,65.04
924,"2119735",10058,0,0,0,2,0,65.04
925,"2119735",10089,0,0,0,1,0,65.04
926,"2119735",10235,0,0,0,1,0,68.96
927,"2119735",10325,0,0,0,1,0,68.96
928,"2119735",10376,0,1,0,0,0,68.96
929,"2120089",9748,2,0,0,0,2,58.96
931,"2120089",9916,1,0,0,0,2,65.04
932,"2120089",9944,0,0,0,0,1,65.04
933,"2120089",10245,0,0,0,0,1,68.96
934,"2120089",10268,0,1,1,0,0,68.96
935,"2120089",10289,0,0,1,0,0,68.96
936,"2120089",10345,0,0,0,0,1,50
937,"2120089",10392,0,3,0,0,0,50
938,"2120089",10438,1,0,2,0,0,68.96
939,"2120261",9668,0,1,0,0,0,62
940,"2120261",9766,0,1,0,0,1,58.96
941,"2120261",9773,1,0,0,0,0,65.04
942,"2120261",9801,0,0,0,0,1,65.04
943,"2120261",9822,1,0,0,0,1,65.04
944,"2120261",9836,1,1,0,0,0,65.04
945,"2120261",9870,1,1,0,0,0,65.04
946,"2120261",9913,0,0,1,0,1,50
947,"2120261",9920,0,1,0,0,0,65.04
948,"2120261",9934,1,0,0,0,0,50
949,"2120261",9987,1,0,0,0,0,65.04
950,"2120261",9989,1,0,0,0,0,65.04
951,"2120261",10005,1,0,0,0,0,65.04
952,"2120261",10013,1,2,0,0,0,65.04
953,"2120261",10016,2,2,1,0,0,48.96
954,"2120261",10031,1,0,0,0,1,65.04
955,"2120261",10116,1,0,0,0,0,50
956,"2120261",10144,0,1,0,0,0,68.96
957,"2120261",10149,3,0,0,0,0,33.04
958,"2120261",10165,1,0,0,0,0,68.96
959,"2120261",10174,3,1,0,0,0,39.04
960,"2120261",10319,0,1,0,0,0,68.96
961,"2120261",10374,0,1,0,0,0,68.96
962,"2120261",10381,1,1,1,0,1,50
963,"2120261",10410,1,1,0,0,0,68.96
964,"2120378",9746,1,2,0,0,0,39.04
965,"2120378",9772,0,0,1,0,1,39.04
966,"2120378",10107,0,0,6,0,0,33.36
968,"2120378",10152,1,0,1,0,1,33.04
969,"2120436",9763,0,0,0,1,0,58.96
970,"2120436",10007,1,0,1,0,0,65.04
976,"2120964",10007,0,1,0,0,0,65.04
977,"2120964",10266,3,0,0,0,0,44
978,"2121095",9745,1,0,0,0,0,58.96
979,"2121095",9760,1,0,0,0,1,58.96
980,"2121095",9770,1,0,0,0,0,68.96
981,"2121095",10250,0,1,0,0,0,68.96
982,"2121095",10432,0,2,0,0,0,68.96
983,"2121277",9939,0,0,0,1,0,65.04
984,"2121277",10161,0,0,0,1,0,68.96
985,"2121277",10243,0,0,0,1,0,68.96
986,"2121400",9676,0,0,2,0,0,58.96
987,"2121400",9692,0,0,2,0,0,58.96
988,"2121400",9717,0,0,3,0,0,58.96
989,"2121400",9727,0,0,3,0,0,58.96
990,"2121400",9735,0,0,0,0,1,58.96
991,"2121400",9738,0,0,3,0,0,58.96
992,"2121400",9754,0,0,4,0,0,58.96
993,"2121400",9761,0,0,2,0,0,58.96
994,"2121400",9773,0,0,2,0,0,65.04
995,"2121400",9782,0,0,2,0,0,65.04
996,"2121400",9795,0,0,2,0,0,65.04
997,"2121400",9802,0,0,3,0,0,65.04
998,"2121400",9810,0,0,2,0,0,65.04
999,"2121400",9879,0,0,2,0,0,65.04
1000,"2121400",9914,0,0,2,0,0,65.04
1001,"2121400",9936,1,0,2,0,0,65.04
1002,"2121400",10062,0,0,1,0,0,65.04
1003,"2121400",10089,0,0,2,0,0,65.04
1004,"2121400",10168,0,0,2,0,0,68.96
1005,"2121400",10264,0,0,2,0,0,68.96
1006,"2121400",10307,0,0,2,0,0,68.96
1007,"2121400",10328,0,0,2,0,0,68.96
1008,"2121400",10356,0,0,2,0,0,68.96
1009,"2121400",10397,0,0,2,0,0,68.96
1010,"2121400",10415,0,0,1,0,0,68.96
1011,"2121400",10429,0,0,1,0,0,68.96
1012,"2121400",10447,0,0,2,0,0,50
1013,"2121400",10455,0,0,1,0,0,68.96
1014,"2121400",10458,0,0,1,0,0,68.96
1015,"2121418",9773,2,0,0,0,0,39.04
1016,"2121418",9930,0,0,0,0,1,65.04
1017,"2121418",9934,1,0,0,0,2,50
1018,"2121418",9954,1,0,0,0,2,45.04
1019,"2121418",10021,0,0,0,0,1,65.04
1020,"2121418",10095,0,0,1,0,0,65.04
1021,"2121418",10126,0,0,4,0,0,33.04
1022,"2121533",9740,0,0,0,1,0,58.96
1023,"2121533",9776,0,0,0,1,0,65.04
1024,"2121533",9850,0,0,0,1,0,65.04
1025,"2121533",9892,1,0,0,0,0,65.04
1026,"2121533",9915,0,0,0,2,0,65.04
1027,"2121533",9940,0,0,0,1,0,65.04
1028,"2121533",9963,0,0,0,1,0,65.04
1029,"2121533",9998,0,0,0,1,0,65.04
1030,"2121533",10030,0,0,0,1,0,65.04
1031,"2121533",10073,0,0,0,1,0,65.04
1032,"2121533",10088,0,0,0,1,0,65.04
1033,"2121533",10104,0,0,0,1,0,65.04
1035,"2121533",10341,2,0,0,0,0,50
1036,"2121582",9865,0,0,0,2,0,65.04
1037,"2121582",10041,0,0,0,2,0,65.04
1038,"2121582",10150,0,0,0,2,0,68.96
1039,"2121582",10407,0,0,0,2,0,68.96
1040,"2121582",10414,0,0,0,2,0,68.96
1046,"2122242",9940,0,0,0,0,1,65.04
1047,"2122242",10122,0,1,0,0,0,68.96
1048,"2122242",10347,0,1,0,0,0,68.96
1050,"2122655",9772,1,1,0,0,0,39.04
1051,"2122655",9807,1,0,0,0,0,39.04
1052,"2122655",9912,1,0,0,0,0,65.04
1053,"2122655",9989,0,0,0,0,1,48.96
1054,"2122655",10024,1,0,0,0,0,48.96
1055,"2122655",10038,1,0,0,0,0,65.04
1056,"2122655",10087,1,0,0,0,0,65.04
1057,"2122655",10108,3,0,0,0,0,33.36
1058,"2122655",10151,0,1,0,0,0,33.04
1059,"2122655",10397,1,0,0,0,0,68.96
1060,"2122705",9694,1,0,0,0,0,58.96
1061,"2122705",9735,0,0,0,0,1,58.96
1063,"2122705",9777,0,1,0,0,0,65.04
1064,"2122705",9790,0,1,1,0,0,39.04
1065,"2122705",9813,0,0,0,0,1,65.04
1066,"2122705",9819,0,1,0,0,0,65.04
1067,"2122705",9833,0,0,1,0,0,65.04
1068,"2122705",9844,2,0,0,0,0,39.04
1069,"2122705",9849,0,0,0,0,1,65.04
1070,"2122705",9867,0,1,0,0,0,65.04
1071,"2122705",9939,0,0,1,0,1,65.04
1072,"2122705",10113,1,0,0,0,0,68.96
1073,"2122788",9777,1,0,1,0,0,65.04
1074,"2122788",10366,0,0,1,0,0,68.96
1075,"2122838",9708,0,0,0,0,2,58.96
1076,"2122838",9911,0,0,0,0,4,50
1079,"2123000",9978,0,0,0,0,1,65.04
1080,"2123000",9988,0,0,1,0,0,48.96
1081,"2123000",10018,0,0,1,0,0,48.96
1082,"2123000",10275,0,0,1,0,0,50
1083,"2123000",10383,1,0,0,0,1,50
1084,"2123000",10389,0,0,1,0,0,50
1085,"2123000",10450,0,0,1,0,0,50
1090,"2123091",9897,0,0,0,0,2,65.04
1091,"2123091",9904,0,0,0,0,6,65.04
1092,"2123091",9923,0,0,0,0,6,65.04
1093,"2123091",9933,0,0,0,0,7,65.04
1094,"2123091",9957,0,0,0,0,8,65.04
1095,"2123091",9987,0,2,0,0,5,65.04
1096,"2123257",9710,0,1,0,0,0,58.96
1097,"2123257",10335,1,1,0,0,0,68.96
1098,"2123257",10367,1,0,0,0,0,65.04
1099,"2123257",10427,0,1,0,0,0,33.04
1100,"2123463",9725,0,1,0,0,0,58.96
1101,"2123463",9727,0,0,1,0,0,58.96
1102,"2123463",9979,1,0,0,0,0,65.04
1103,"2123463",10344,0,0,1,0,0,50
1104,"2123463",10384,0,1,0,0,0,50
1105,"2123463",10401,0,1,0,0,0,50
1106,"2123463",10424,1,0,0,0,0,50
1108,"2123471",10120,0,0,1,0,0,68.96
1109,"2123471",10139,0,1,0,0,0,68.96
1111,"2123554",9739,1,0,0,1,0,58.96
1112,"2123554",9746,0,0,0,2,0,58.96
1113,"2123554",9752,0,0,0,2,0,58.96
1114,"2123554",9761,0,0,0,2,0,58.96
1115,"2123554",9788,0,0,0,3,0,65.04
1116,"2123554",9808,0,0,0,2,0,65.04
1117,"2123554",9815,1,0,0,1,0,65.04
1118,"2123554",9823,0,0,0,3,0,65.04
1119,"2123554",9871,0,0,0,2,0,65.04
1120,"2123554",9877,2,0,0,2,0,65.04
1121,"2123554",9900,0,0,0,2,0,65.04
1122,"2123554",10053,0,0,0,1,0,65.04
1123,"2123554",10063,2,0,0,0,0,65.04
1124,"2123554",10067,0,0,0,1,0,65.04
1125,"2123554",10117,1,0,0,1,0,65.04
1126,"2123554",10151,1,0,0,1,0,65.04
1127,"2123554",10263,1,0,0,0,0,65.04
1128,"2123554",10326,1,0,0,1,0,65.04
1129,"2123554",10340,1,0,1,0,0,68.96
1130,"2123695",10111,3,0,0,0,0,33.36
1131,"2123695",10243,4,0,0,0,0,65.04
1132,"2123695",10263,0,1,0,0,0,44
1133,"2123695",10273,3,0,0,0,1,58.96
1134,"2123695",10284,3,0,0,0,0,68.96
1135,"2123695",10321,2,0,0,0,0,68.96
1137,"2123885",9943,0,0,0,0,1,65.04
1138,"2123885",10389,0,0,1,0,0,50
1139,"2123885",10403,1,0,0,0,0,68.96
1141,"2123968",10125,0,2,0,0,0,68.96
1142,"2123968",10172,1,1,0,0,0,39.04
1143,"2124073",9662,2,2,2,0,0,58.96
1144,"2124073",9674,2,2,0,0,2,62
1145,"2124073",9682,2,2,2,0,0,58.96
1146,"2124073",9687,2,3,0,0,0,58.96
1147,"2124073",9697,1,0,7,0,0,58.96
1148,"2124073",9707,2,2,2,0,0,58.96
1149,"2124073",9739,2,2,1,0,0,58.96
1150,"2124073",9746,0,3,0,0,0,58.96
1151,"2124073",9759,2,3,1,0,0,58.96
1152,"2124073",9777,2,3,0,0,0,65.04
1153,"2124073",9787,2,2,2,0,0,65.04
1154,"2124073",9796,2,0,0,0,1,65.04
1155,"2124073",9804,2,2,0,0,0,65.04
1156,"2124073",9811,2,2,2,0,0,65.04
1157,"2124073",9831,0,2,2,0,0,65.04
1158,"2124073",9838,0,0,2,0,0,65.04
1159,"2124073",9844,2,0,2,0,0,65.04
1161,"2124073",9869,2,0,2,0,0,65.04
1162,"2124073",9877,6,0,0,0,0,65.04
1163,"2124073",9892,3,1,2,0,0,65.04
1164,"2124073",9897,0,0,2,0,0,68.96
1165,"2124073",9907,8,0,0,0,0,50
1166,"2124073",9920,3,2,0,0,0,65.04
1167,"2124073",9927,1,0,1,0,0,50
1168,"2124073",9935,4,0,2,0,1,50
1169,"2124073",9949,3,0,2,0,0,68.96
1170,"2124073",9955,0,2,2,0,0,65.04
1171,"2124073",9960,1,1,0,0,0,65.04
1172,"2124073",9977,2,2,0,0,0,65.04
1173,"2124073",10012,0,1,0,0,0,65.04
1174,"2124073",10019,2,2,2,0,0,48.96
1175,"2124073",10032,0,2,2,0,0,65.04
1176,"2124073",10040,2,0,1,0,0,65.04
1177,"2124073",10047,0,0,2,0,0,65.04
1178,"2124073",10054,4,1,0,0,0,65.04
1179,"2124073",10061,2,0,2,0,0,65.04
1180,"2124073",10068,2,0,0,0,0,65.04
1181,"2124073",10075,0,0,0,0,1,50
1182,"2124073",10081,1,0,2,0,0,65.04
1183,"2124073",10095,0,0,1,0,0,65.04
1185,"2124073",10111,6,0,0,0,0,33.36
1186,"2124073",10119,1,1,1,0,0,68.96
1187,"2124073",10166,1,0,0,0,0,65.04
1188,"2124073",10175,0,1,0,0,0,68.96
1189,"2124073",10193,2,1,0,0,0,65.04
1190,"2124073",10202,0,2,0,0,0,68.96
1191,"2124073",10209,0,1,0,0,0,68.96
1192,"2124073",10242,1,2,0,0,0,65.04
1193,"2124073",10334,0,0,1,0,0,68.96
1194,"2124073",10371,0,0,1,0,0,68.96
1195,"2124115",9742,0,1,0,0,0,39.04
1196,"2124115",9771,0,2,0,0,1,39.04
1197,"2124115",10005,0,1,0,0,0,65.04
1198,"2124115",10340,0,2,0,0,0,50
1199,"2124156",9757,0,1,0,0,0,58.96
1200,"2124156",9805,0,1,0,0,0,65.04
1201,"2124156",9869,0,1,0,0,0,65.04
1202,"2124156",10058,0,1,0,0,0,65.04
1203,"2124156",10106,0,1,0,0,0,65.04
1204,"2124156",10177,0,1,0,0,0,68.96
1205,"2124305",9737,0,0,0,1,0,58.96
1206,"2124305",9766,0,0,0,1,0,58.96
1207,"2124305",9815,0,0,0,1,0,65.04
1208,"2124305",9836,0,0,0,1,0,65.04
1209,"2124305",9862,0,0,0,1,0,65.04
1210,"2124305",9927,0,0,0,1,0,48.96
1211,"2124305",9941,0,0,0,1,0,65.04
1212,"2124305",10044,0,0,0,1,0,65.04
1213,"2124305",10109,0,0,0,1,0,33.04
1214,"2124305",10158,0,0,0,1,0,68.96
1215,"2124305",10179,0,0,0,1,0,68.96
1216,"2124305",10249,0,0,0,1,0,68.96
1217,"2124305",10256,0,0,0,1,0,68.96
1218,"2124305",10290,0,0,0,1,0,68.96
1219,"2124305",10297,0,0,0,1,0,39.04
1220,"2124305",10424,0,0,0,1,0,68.96
1221,"2124321",9728,1,2,0,0,0,58.96
1222,"2124321",10145,0,2,0,0,0,68.96
1224,"2124388",10292,0,1,0,0,0,68.96
1225,"2124388",10431,0,1,0,0,0,33.04
1226,"2124412",9911,0,5,0,0,0,65.04
1227,"2124412",9919,0,1,0,0,0,65.04
1228,"2124412",9932,0,1,0,0,0,65.04
1229,"2124412",9952,0,2,0,0,0,65.04
1230,"2124412",9978,0,1,0,0,0,65.04
1231,"2124412",9992,0,2,0,0,0,65.04
1232,"2124412",10024,0,1,0,0,0,65.04
1233,"2124412",10034,0,1,0,0,0,65.04
1234,"2124412",10066,0,1,0,0,0,65.04
1235,"2124412",10113,0,2,0,0,0,68.96
1236,"2124412",10166,0,2,0,0,0,68.96
1238,"2124511",9772,0,0,0,1,0,65.04
1239,"2124511",9789,0,0,1,0,2,39.04
1241,"2124511",10153,1,0,0,0,0,65.04
1242,"2124511",10234,0,0,0,1,0,65.04
1243,"2124511",10302,0,0,1,0,0,65.04
1244,"2124545",9745,1,1,0,0,0,39.04
1245,"2124545",9759,1,0,0,0,1,48.96
1248,"2124545",9780,1,0,1,0,1,39.04
1249,"2124545",9806,0,0,0,0,1,39.04
1251,"2124545",9821,1,0,0,0,1,48.96
1252,"2124545",9851,1,0,0,0,1,65.04
1253,"2124545",9948,0,1,1,0,0,65.04
1254,"2124545",9989,1,0,0,0,1,48.96
1255,"2124545",9996,0,0,0,0,1,39.04
1256,"2124545",10048,1,1,0,0,0,65.04
1258,"2124545",10088,0,0,1,0,0,65.04
1259,"2124545",10096,0,0,2,0,0,65.04
1260,"2124545",10102,1,1,0,0,0,65.04
1262,"2124545",10160,1,0,0,0,0,50
1264,"2124545",10186,1,0,1,0,0,50
1266,"2124545",10251,1,0,0,0,0,68.96
1267,"2124545",10265,1,0,1,0,0,44
1268,"2124701",9663,0,0,0,1,0,62
1269,"2124701",9684,0,0,0,1,0,58.96
1270,"2124701",9693,0,0,0,1,0,58.96
1271,"2124701",9868,0,0,0,1,0,65.04
1272,"2124701",9874,0,0,0,1,0,65.04
1273,"2124750",9674,1,1,0,0,1,58.96
1274,"2124750",9680,0,2,0,0,0,58.96
1275,"2124750",9686,2,0,0,0,0,58.96
1276,"2124750",9695,1,0,0,0,0,58.96
1277,"2124750",9715,1,0,0,0,0,58.96
1279,"2124750",9742,1,1,1,0,0,58.96
1281,"2124750",9787,1,0,0,0,0,65.04
1282,"2124750",9795,1,0,0,0,0,65.04
1283,"2124750",9863,4,0,0,0,0,65.04
1284,"2124750",9887,1,0,0,0,0,65.04
1285,"2124750",9899,1,0,0,0,0,65.04
1286,"2124750",9912,2,1,0,0,0,65.04
1287,"2124750",9919,0,2,0,0,0,65.04
1288,"2124750",9927,2,0,0,0,0,65.04
1289,"2124750",9952,1,0,0,0,0,65.04
1290,"2124750",9956,1,0,0,0,0,65.04
1291,"2124750",9971,1,0,0,0,0,65.04
1292,"2124750",9983,1,1,0,0,0,65.04
1293,"2124750",9989,0,1,0,0,0,65.04
1294,"2124750",10009,1,1,0,0,0,65.04
1295,"2124750",10017,4,0,0,0,0,48.96
1296,"2124750",10027,0,1,0,0,0,65.04
1297,"2124750",10053,1,0,0,0,0,65.04
1298,"2124750",10339,1,0,0,0,0,50
1299,"2124750",10380,2,1,0,0,0,50
1300,"2124909",9981,0,0,0,0,1,65.04
1301,"2124909",10152,2,0,0,0,0,33.04
1302,"2124909",10169,2,0,0,0,2,39.04
1303,"2124909",10175,0,0,0,0,2,39.04
1304,"2124909",10185,2,0,0,0,2,68.96
1305,"2124909",10296,0,0,0,0,3,39.04
1306,"2124941",9708,1,0,0,0,0,58.96
1307,"2124941",10273,0,0,1,0,0,68.96
1308,"2124941",10384,2,0,0,0,0,50
1309,"2124941",10385,0,0,2,0,0,50
1310,"2125203",9728,0,0,1,0,0,58.96
1311,"2125203",9737,0,1,0,0,0,58.96
1312,"2125203",9944,0,0,4,0,0,68.96
1313,"2125203",9953,0,0,1,0,0,68.96
1314,"2125427",9741,1,1,0,0,0,58.96
1315,"2125427",9956,0,1,0,0,0,65.04
1316,"2125427",9973,0,2,0,0,0,65.04
1317,"2125427",9986,0,3,0,0,0,65.04
1318,"2125427",9992,0,1,0,0,0,65.04
1319,"2125427",10000,0,2,0,0,0,65.04
1320,"2125427",10069,0,2,0,0,0,65.04
1321,"2125427",10112,0,1,0,0,0,33.04
1322,"2125443",9916,0,0,0,1,0,65.04
1323,"2125443",9923,0,0,0,1,0,65.04
1324,"2125443",9997,0,0,0,1,0,65.04
1325,"2125443",10020,0,0,1,0,0,48.96
1328,"2125443",10049,0,0,1,0,0,65.04
1331,"2125443",10062,1,0,1,0,0,65.04
1332,"2125443",10079,0,0,0,0,1,65.04
1333,"2125443",10103,1,0,1,0,0,65.04
1334,"2125443",10119,0,1,0,0,0,68.96
1335,"2125443",10123,0,0,1,0,0,68.96
1336,"2125443",10167,0,0,1,0,0,68.96
1338,"2125443",10279,0,0,1,0,0,68.96
1340,"2125443",10392,0,0,1,0,0,50
1341,"2125609",10029,0,0,0,1,0,65.04
1342,"2125609",10110,2,0,0,0,0,33.04
1343,"2125658",9792,1,0,1,0,0,65.04
1344,"2125658",9932,0,0,0,0,1,50
1345,"2125658",9986,0,0,1,0,0,65.04
1346,"2126102",9773,2,0,0,0,2,39.04
1347,"2126102",9811,2,0,0,0,0,39.04
1348,"2126102",9993,1,0,0,0,0,48.96
1351,"2126292",9732,0,0,1,0,0,58.96
1352,"2126292",9767,0,0,1,0,0,58.96
1353,"2126292",10173,0,0,1,0,0,39.04
1354,"2126292",10180,0,0,3,0,0,68.96
1355,"2126292",10218,0,0,1,0,0,68.96
1356,"2126292",10271,0,0,1,0,0,58.96
1357,"2126292",10285,0,0,1,0,0,68.96
1358,"2126292",10306,0,0,2,0,0,68.96
1359,"2126490",10177,4,0,1,0,0,68.96
1360,"2126490",10397,4,0,0,0,0,68.96
1361,"2126532",10116,1,0,0,0,0,50
1362,"2126532",10124,1,0,0,0,0,50
1363,"2126532",10151,0,0,0,0,6,33.36
1364,"2126532",10172,0,0,0,0,1,39.04
1365,"2126532",10262,0,0,1,0,0,44
1366,"2126532",10271,1,0,0,0,0,44
1367,"2126532",10278,1,0,1,0,0,39.04
1368,"2126532",10301,1,0,0,0,0,39.04
1371,"2126532",10384,0,0,1,0,0,68.96
1372,"2126532",10430,1,0,0,0,0,50
1373,"2126847",10074,0,1,0,0,0,65.04
1374,"2126847",10337,4,0,0,0,0,50
1375,"2126946",9941,0,0,4,0,0,65.04
1376,"2126946",10257,0,0,0,1,0,39.04
1377,"2127076",10350,0,0,0,0,2,68.96
1378,"2127076",10360,0,1,0,0,0,65.04
1379,"2127076",10384,0,0,1,0,0,50
1382,"2127308",9818,0,0,0,1,0,48.96
1383,"2127308",10036,0,0,0,1,0,65.04
1384,"2127308",10428,0,1,0,0,0,20
1385,"2127407",9844,0,0,1,0,0,65.04
1386,"2127407",9953,0,0,1,0,1,45.04
1387,"2127498",10018,0,0,0,2,0,48.96
1388,"2127498",10109,0,0,0,0,4,33.28
1389,"2127605",9671,2,0,0,0,0,62
1390,"2127605",9682,1,0,1,0,1,58.96
1391,"2127605",9703,2,2,0,0,0,58.96
1392,"2127621",9683,0,0,0,0,1,58.96
1393,"2127621",9716,2,0,0,0,0,58.96
1394,"2127621",9997,0,0,0,0,1,65.04
1395,"2127621",10016,1,0,0,0,0,65.04
1396,"2127621",10055,1,0,0,0,0,65.04
1397,"2127621",10059,0,0,0,0,2,65.04
1398,"2127621",10077,1,0,0,0,1,65.04
1399,"2127621",10149,1,0,0,0,0,65.04
1400,"2127621",10170,0,0,0,1,0,39.04
1401,"2127621",10399,0,0,0,0,1,68.96
1402,"2127621",10405,0,0,0,0,1,68.96
1403,"2127621",10409,1,0,0,0,0,65.04
1404,"2127803",9732,1,0,0,0,0,58.96
1405,"2127803",9733,1,0,1,0,0,58.96
1406,"2127803",9750,0,0,0,0,2,48.96
1407,"2127803",9840,0,0,0,0,1,48.96
1408,"2127803",9981,1,0,0,0,0,65.04
1409,"2127803",10392,0,0,0,0,1,68.96
1410,"2127936",9665,0,4,0,0,0,62
1411,"2127936",9674,0,1,0,0,0,58.96
1412,"2127936",9677,0,2,0,0,0,58.96
1413,"2127936",9682,0,1,0,0,0,58.96
1414,"2127936",9692,0,1,0,0,0,58.96
1415,"2127936",9699,0,2,0,0,0,58.96
1416,"2128116",9684,0,0,0,1,0,58.96
1417,"2128116",9724,0,0,0,1,0,58.96
1418,"2128116",9899,0,0,0,1,0,48.96
1419,"2128116",10094,0,0,0,1,0,65.04
1420,"2128116",10116,0,0,0,1,0,68.96
1421,"2128116",10165,0,0,0,1,0,68.96
1422,"2128389",9983,2,0,0,0,0,65.04
1423,"2128389",9995,0,1,0,0,0,65.04
1424,"2128389",9996,0,2,0,0,0,65.04
1425,"2128389",10070,0,2,0,0,0,65.04
1426,"2128389",10318,0,2,0,0,0,68.96
1427,"2128447",9708,2,0,0,0,0,58.96
1428,"2128447",9748,1,2,0,0,0,39.04
1429,"2128447",9770,2,2,0,0,0,39.04
1430,"2128447",10261,2,0,0,0,2,44
1431,"2128447",10297,2,1,0,0,2,39.04
1432,"2128595",10379,0,0,0,0,3,68.96
1433,"2128595",10380,1,0,0,0,0,68.96
1434,"2128595",10395,0,0,0,0,2,68.96
1435,"2128595",10398,3,0,0,0,1,68.96
1436,"2128595",10404,6,0,0,0,0,68.96
1437,"2128595",10410,5,0,0,0,1,68.96
1438,"2128595",10426,0,0,0,0,2,68.96
1439,"2128827",10141,0,0,1,0,0,68.96
1440,"2128827",10156,2,0,0,0,1,65.04
1441,"2128884",9773,0,1,0,0,1,39.04
1442,"2128884",9808,0,1,0,0,1,39.04
1444,"2128959",9747,0,0,0,0,2,39.04
1445,"2128959",9773,1,1,0,0,0,39.04
1446,"2128959",9780,0,0,0,0,2,65.04
1447,"2128959",9788,0,0,0,0,2,58.96
1448,"2128959",9799,0,1,0,0,1,65.04
1449,"2128959",9806,0,0,0,0,2,39.04
1450,"2128959",9813,0,0,0,0,2,65.04
1451,"2128959",9835,0,1,0,0,1,65.04
1452,"2128959",9928,0,1,0,0,0,65.04
1453,"2128959",9953,0,0,0,0,1,65.04
1454,"2128959",10107,0,0,0,0,3,33.36
1455,"2128959",10152,0,1,0,0,1,33.04
1456,"2129080",9904,1,0,0,0,0,65.04
1457,"2129080",9919,0,0,0,0,1,65.04
1459,"2129098",9883,0,1,0,0,0,65.04
1460,"2129098",10262,0,1,1,0,0,44
1461,"2129163",9725,0,0,1,0,0,58.96
1462,"2129163",9740,0,0,1,0,0,58.96
1463,"2129163",9774,0,1,0,0,0,39.04
1464,"2129163",10271,0,0,1,0,0,50
1465,"2129361",9774,0,0,1,0,1,39.04
1466,"2129361",9782,0,2,1,0,0,39.04
1467,"2129361",10109,1,0,2,0,0,33.04
1468,"2129528",9663,0,0,0,2,0,62
1469,"2129528",9672,0,0,0,2,0,62
1470,"2129528",9686,0,0,0,2,0,58.96
1471,"2129528",9699,0,0,0,2,0,58.96
1472,"2129528",9706,0,0,0,2,0,58.96
1473,"2129528",9717,0,0,0,2,0,58.96
1474,"2129528",9731,0,0,0,2,0,58.96
1475,"2129528",9749,0,0,0,2,0,58.96
1476,"2129528",9787,0,0,0,1,0,65.04
1477,"2129528",9795,0,0,0,2,0,65.04
1478,"2129528",9801,0,0,0,2,0,65.04
1479,"2129528",9863,0,0,2,0,0,65.04
1480,"2129528",9885,0,0,0,2,0,65.04
1481,"2129528",9902,0,0,0,2,0,65.04
1482,"2129528",9951,1,0,1,0,0,65.04
1483,"2129528",9957,1,0,1,2,0,65.04
1484,"2129528",9967,0,1,0,0,1,65.04
1485,"2129528",9995,0,0,0,1,0,65.04
1486,"2129528",10011,0,0,0,1,0,65.04
1488,"2129528",10042,0,0,2,0,0,65.04
1489,"2129528",10051,2,0,2,0,0,65.04
1490,"2129528",10055,0,2,0,0,0,65.04
1491,"2129528",10060,0,0,4,0,0,65.04
1492,"2129528",10069,3,0,0,0,0,65.04
1493,"2129528",10072,0,2,0,0,0,65.04
1494,"2129528",10080,0,2,0,2,0,65.04
1495,"2129528",10083,0,1,0,0,0,65.04
1496,"2129528",10085,0,3,0,0,0,65.04
1497,"2129528",10105,0,2,0,0,0,65.04
1498,"2129528",10106,0,0,0,1,0,33.04
1499,"2129528",10111,0,3,0,0,0,65.04
1500,"2129528",10121,0,2,0,0,0,68.96
1501,"2129528",10253,0,0,0,2,0,68.96
1502,"2129528",10277,0,0,0,2,0,68.96
1503,"2129528",10307,0,0,0,1,0,68.96
1504,"2129528",10316,0,0,0,2,0,68.96
1505,"2129528",10358,0,2,0,0,0,68.96
1506,"2129528",10379,0,0,1,0,0,50
1507,"2129528",10389,0,2,0,0,0,50
1508,"2129734",9978,0,0,0,0,1,65.04
1509,"2129734",10127,1,0,1,0,0,39.04
1510,"2129734",10279,0,0,0,0,1,68.96
1511,"2129734",10356,0,0,0,1,0,68.96
1512,"2129734",10384,0,0,0,0,1,50
1513,"2129767",9742,0,1,0,0,0,58.96
1514,"2129767",9766,1,1,0,0,0,58.96
1515,"2129767",9906,0,0,0,0,1,65.04
1516,"2129767",9993,0,1,0,0,0,65.04
1517,"2129767",10018,1,0,0,0,0,48.96
1518,"2129767",10098,0,0,0,0,1,65.04
1519,"2129767",10109,0,0,1,0,0,65.04
1520,"2129767",10179,1,0,0,0,0,68.96
1521,"2129767",10304,1,0,0,0,0,68.96
1522,"2129767",10319,1,0,0,0,0,68.96
1523,"2129767",10333,0,1,0,0,0,68.96
1525,"2129767",10451,0,0,3,0,0,50
1526,"2129817",9882,1,0,0,0,0,65.04
1527,"2129817",10021,0,0,5,0,0,48.96
1528,"2129817",10101,0,0,0,0,1,33.04
1529,"2129817",10112,1,0,0,0,0,68.96
1530,"2129817",10135,1,0,0,0,1,68.96
1531,"2129817",10380,0,0,0,0,1,50
1532,"2129817",10427,0,0,0,0,2,50
1533,"2129817",10443,0,0,0,0,1,50
1534,"2129874",9927,1,0,0,0,0,65.04
1535,"2129874",10250,0,0,1,0,0,68.96
1536,"2129940",9934,0,0,0,0,1,50
1537,"2129940",10014,0,0,0,0,1,65.04
1540,"2130351",9871,2,0,2,0,0,65.04
1541,"2130351",9902,1,0,0,0,0,65.04
1542,"2130351",9931,1,0,1,0,1,50
1543,"2130377",9698,1,0,0,0,0,58.96
1544,"2130377",9971,1,0,0,0,0,65.04
1547,"2130377",10298,0,0,0,0,6,39.04
1548,"2130377",10301,0,1,0,0,0,39.04
1549,"2130583",9708,0,0,0,0,2,58.96
1550,"2130583",9710,0,0,1,0,0,58.96
1551,"2130583",9717,2,0,2,0,0,58.96
1552,"2130583",9724,1,0,1,0,0,58.96
1553,"2130583",9731,0,0,0,0,1,58.96
1554,"2130583",9738,2,0,1,0,0,58.96
1555,"2130583",9745,1,0,1,0,0,39.04
1556,"2130583",9752,1,0,2,0,0,58.96
1557,"2130583",9759,0,0,1,0,0,58.96
1558,"2130583",9765,2,0,2,0,1,58.96
1559,"2130583",9773,3,0,1,0,0,65.04
1560,"2130583",9780,3,0,1,0,0,65.04
1561,"2130583",9787,2,0,0,0,0,58.96
1562,"2130583",9794,2,0,0,0,0,65.04
1563,"2130583",9801,1,0,1,0,0,65.04
1564,"2130583",9816,1,0,0,0,0,65.04
1565,"2130583",9822,1,0,0,0,0,65.04
1566,"2130583",9829,2,0,1,0,0,65.04
1567,"2130583",9836,2,0,1,0,0,65.04
1568,"2130583",9843,1,0,1,0,0,65.04
1569,"2130583",9862,0,0,1,0,0,65.04
1570,"2130583",9885,5,0,0,0,0,65.04
1571,"2130583",9892,1,0,0,0,0,65.04
1572,"2130583",9898,1,0,0,0,0,65.04
1573,"2130583",9906,1,0,2,0,0,65.04
1574,"2130583",9920,1,0,0,0,0,65.04
1575,"2130583",9933,1,0,0,0,0,65.04
1576,"2130583",9941,2,0,0,0,0,68.96
1577,"2130583",9976,2,0,0,0,0,65.04
1578,"2130583",9983,1,0,0,0,0,65.04
1579,"2130583",9997,2,0,1,0,0,65.04
1580,"2130583",10011,2,0,0,0,0,65.04
1581,"2130583",10046,1,0,0,0,0,65.04
1582,"2130583",10053,1,0,0,0,0,65.04
1583,"2130583",10060,1,0,0,0,0,65.04
1584,"2130583",10067,2,0,0,0,0,65.04
1585,"2130583",10074,1,0,0,0,0,65.04
1586,"2130583",10081,4,0,0,0,0,65.04
1587,"2130583",10088,2,0,1,0,0,65.04
1588,"2130583",10095,2,0,0,0,0,65.04
1589,"2130583",10102,1,0,0,0,0,65.04
1590,"2130583",10111,4,0,0,0,1,33.04
1591,"2130583",10123,2,0,0,0,0,48.96
1592,"2130583",10130,2,0,0,0,0,48.96
1593,"2130583",10137,2,0,0,0,0,68.96
1594,"2130583",10151,2,0,0,0,0,68.96
1595,"2130583",10158,1,0,0,0,0,68.96
1596,"2130583",10172,2,0,0,0,0,39.04
1597,"2130583",10186,2,0,0,0,0,68.96
1598,"2130583",10228,2,0,0,0,0,65.04
1599,"2130583",10263,1,0,1,0,0,44
1600,"2130583",10284,1,0,0,0,0,68.96
1601,"2130583",10291,1,0,0,0,0,68.96
1602,"2130583",10298,2,0,0,0,0,39.04
1603,"2130583",10312,1,0,0,0,0,68.96
1604,"2130583",10319,1,0,0,0,0,68.96
1605,"2130583",10339,2,0,0,0,0,68.96
1606,"2130583",10438,4,0,0,0,0,68.96
1607,"2130583",10452,1,0,0,0,0,68.96
1608,"2130641",9763,1,0,0,0,0,58.96
1609,"2130641",9783,0,1,0,0,0,65.04
1610,"2130641",9821,3,0,0,0,0,65.04
1611,"2130641",9843,1,4,0,0,0,65.04
1612,"2130641",9913,2,0,0,1,0,65.04
1613,"2130807",9726,1,0,0,0,0,58.96
1614,"2130807",9745,1,0,0,0,0,39.04
1615,"2130807",9770,1,0,0,0,0,39.04
1616,"2130807",10008,1,0,0,0,0,65.04
1617,"2130807",10172,2,0,1,0,2,39.04
1618,"2130807",10266,2,0,0,0,0,44
1619,"2130914",10109,1,0,0,0,1,33.04
1620,"2130914",10260,1,0,0,0,0,68.96
1621,"2130914",10278,2,0,0,0,0,39.04
1623,"2130948",9687,0,0,2,0,0,58.96
1624,"2130948",9701,0,0,4,0,0,58.96
1625,"2130948",9715,0,0,2,0,0,58.96
1626,"2130948",9722,0,0,2,0,0,58.96
1629,"2130948",9754,2,0,2,0,0,58.96
1630,"2130948",9763,2,0,2,0,0,58.96
1631,"2130948",9903,0,0,2,0,0,65.04
1632,"2130948",9925,0,0,2,0,0,65.04
1633,"2130948",9942,0,0,2,0,0,65.04
1634,"2130948",10013,0,0,2,0,0,48.96
1635,"2130948",10035,0,0,2,0,0,65.04
1636,"2130948",10366,0,0,1,0,0,68.96
1638,"2131250",9669,2,0,0,0,0,58.96
1639,"2131250",9684,4,0,0,0,0,58.96
1640,"2131250",9692,2,0,0,0,0,58.96
1641,"2131250",9721,1,0,0,0,0,58.96
1642,"2131250",9729,1,0,0,0,0,58.96
1643,"2131250",9737,1,0,0,0,0,58.96
1644,"2131250",9742,1,0,0,0,0,58.96
1645,"2131250",9755,1,0,0,0,0,58.96
1646,"2131250",9763,1,0,0,0,0,58.96
1647,"2131250",9769,2,0,0,0,0,58.96
1648,"2131250",9781,2,0,0,0,0,65.04
1649,"2131250",9927,1,0,0,0,0,65.04
1650,"2131250",9980,1,0,0,0,0,65.04
1651,"2131250",9995,2,0,0,0,0,65.04
1652,"2131250",10055,2,0,0,0,0,65.04
1653,"2131250",10099,1,0,0,0,0,65.04
1655,"2131466",10173,2,0,0,0,0,68.96
1656,"2131466",10297,1,0,0,0,0,68.96
1657,"2131508",10053,1,0,0,0,0,65.04
1658,"2131508",10430,0,2,0,0,0,24.96
1661,"2132019",9983,1,0,0,0,0,65.04
1662,"2132019",10347,0,0,2,0,0,68.96
1663,"2132290",9666,0,0,1,0,1,58.96
1665,"2132290",9672,0,0,0,0,1,58.96
1666,"2132290",9673,0,0,0,1,0,58.96
1667,"2132290",9680,7,0,0,0,0,58.96
1668,"2132290",9687,1,0,0,0,0,63.04
1669,"2132290",9688,1,0,1,0,0,58.96
1671,"2132290",9694,1,0,0,0,1,58.96
1672,"2132290",9701,1,0,0,0,0,58.96
1673,"2132290",9708,1,0,0,0,0,58.96
1676,"2132290",9743,0,0,0,0,1,58.96
1677,"2132290",9750,1,0,0,0,1,58.96
1679,"2132290",9765,1,0,0,0,0,58.96
1680,"2132290",9771,1,0,0,0,0,58.96
1684,"2132290",9785,0,0,0,0,1,65.04
1687,"2132290",9806,1,0,0,0,0,65.04
1688,"2132290",9813,1,0,0,0,1,65.04
1689,"2132290",9820,0,0,0,0,1,65.04
1692,"2132290",9841,1,0,1,0,0,65.04
1693,"2132290",9851,1,0,0,0,2,65.04
1694,"2132290",9855,1,0,0,0,1,65.04
1695,"2132290",9863,1,0,0,0,1,65.04
1697,"2132290",9876,1,0,0,0,0,65.04
1698,"2132290",9883,0,0,0,0,1,65.04
1699,"2132290",9894,1,0,0,0,0,65.04
1700,"2132290",9897,1,0,0,0,0,65.04
1701,"2132290",9904,0,0,0,0,1,65.04
1702,"2132290",9911,1,0,0,0,1,55.04
1703,"2132290",9918,0,0,0,0,2,65.04
1704,"2132290",9925,0,0,1,0,2,33.04
1706,"2132290",9938,1,0,0,0,2,65.04
1707,"2132290",9946,0,0,0,0,1,55.04
1708,"2132290",9952,0,0,0,0,2,65.04
1709,"2132290",9959,1,0,0,0,0,65.04
1710,"2132290",9967,0,0,0,0,1,65.04
1711,"2132290",9974,1,0,0,0,1,65.04
1712,"2132290",9981,1,0,0,0,1,65.04
1713,"2132290",9988,0,0,0,0,7,65.04
1714,"2132290",9995,8,0,0,0,0,65.04
1715,"2132290",10001,0,0,1,0,1,50
1718,"2132290",10023,0,0,0,0,5,65.04
1720,"2132290",10037,1,0,0,0,1,65.04
1723,"2132290",10065,1,0,0,0,1,65.04
1725,"2132290",10079,1,0,0,0,1,65.04
1727,"2132290",10101,1,0,0,0,0,65.04
1728,"2132290",10107,1,0,0,0,0,65.04
1729,"2132290",10114,1,0,0,0,0,68.96
1730,"2132290",10120,0,0,0,0,1,68.96
1731,"2132290",10128,1,0,0,0,1,68.96
1733,"2132290",10149,0,0,0,0,6,68.96
1734,"2132290",10156,1,0,0,0,1,68.96
1735,"2132290",10170,1,0,0,1,0,68.96
1736,"2132290",10177,1,0,0,0,1,68.96
1737,"2132290",10184,0,0,0,0,1,68.96
1739,"2132290",10211,1,0,0,0,1,68.96
1740,"2132290",10218,1,0,0,0,0,65.04
1741,"2132290",10232,0,0,0,0,1,68.96
1742,"2132290",10240,1,0,0,0,1,68.96
1743,"2132290",10247,1,0,0,0,0,68.96
1745,"2132290",10275,0,0,0,0,1,68.96
1746,"2132290",10282,0,0,0,0,1,68.96
1747,"2132290",10289,1,0,0,0,0,68.96
1748,"2132290",10310,0,0,0,0,1,68.96
1749,"2132290",10317,1,0,0,0,0,68.96
1750,"2132290",10324,1,0,0,0,0,68.96
1751,"2132290",10331,1,0,0,0,1,68.96
1753,"2132290",10352,1,0,1,0,0,68.96
1754,"2132290",10359,0,0,0,0,1,68.96
1755,"2132290",10366,1,0,0,0,0,68.96
1756,"2132290",10380,1,0,0,0,0,68.96
1759,"2132290",10408,1,0,0,0,0,68.96
1760,"2132290",10428,0,0,1,0,0,68.96
1762,"2132290",10436,0,0,1,0,0,68.96
1764,"2132290",10450,1,0,0,0,0,68.96
1765,"2132290",10457,0,0,1,0,0,68.96
1766,"2132555",9703,2,0,1,0,1,58.96
1767,"2132555",9909,2,0,0,0,0,50
1768,"2133033",10208,0,1,0,0,0,68.96
1769,"2133033",10327,0,1,0,0,0,68.96
1770,"2133066",9807,1,0,1,0,2,39.04
1771,"2133066",9824,0,0,2,0,2,48.96
1772,"2133066",9992,0,0,2,0,2,48.96
1773,"2133066",9998,0,0,3,0,0,39.04
1774,"2133066",10109,0,0,3,0,0,33.36
1775,"2133066",10285,1,0,1,0,0,68.96
1776,"2133066",10358,0,0,1,0,0,68.96
1777,"2133108",9809,0,0,0,4,0,39.04
1778,"2133108",10435,0,0,0,4,0,24.96
1779,"2133207",9941,0,0,0,0,1,65.04
1780,"2133207",10039,0,0,0,1,0,65.04
1781,"2133272",9902,2,0,1,0,0,65.04
1782,"2133272",9924,1,0,0,0,0,65.04
1783,"2133272",9935,1,0,0,0,0,50
1784,"2133272",9941,0,1,0,0,0,65.04
1785,"2133272",9948,1,0,0,0,0,65.04
1786,"2133272",9955,0,0,0,1,0,65.04
1788,"2133272",9976,1,0,0,0,0,65.04
1789,"2133272",9991,1,0,0,0,0,65.04
1790,"2133272",10109,3,0,0,0,0,33.36
1791,"2133272",10284,1,0,0,0,0,68.96
1792,"2133272",10291,1,0,0,0,0,68.96
1793,"2133272",10312,2,0,0,0,0,65.04
1794,"2133272",10326,2,0,1,0,0,68.96
1795,"2133272",10334,2,0,1,0,0,68.96
1796,"2133272",10341,0,0,1,0,0,50
1797,"2133272",10348,1,0,1,0,0,68.96
1798,"2133272",10388,0,0,2,0,0,50
1799,"2133330",9954,2,0,0,0,0,65.04
1800,"2133330",9973,2,0,0,0,0,65.04
1801,"2133330",9976,1,0,0,0,0,65.04
1802,"2133330",9981,0,0,1,0,1,65.04
1803,"2133330",10270,2,0,1,0,1,58.96
1804,"2133330",10275,1,0,0,0,0,68.96
1805,"2133330",10309,1,0,1,0,0,68.96
1807,"2133330",10353,1,0,0,0,0,68.96
1808,"2133330",10431,0,0,1,0,0,68.96
1809,"2133330",10456,0,0,1,0,0,68.96
1810,"2133413",9770,0,0,0,5,0,39.04
1811,"2133413",9988,0,0,0,2,0,48.96
1812,"2133413",10108,0,0,0,6,0,33.2
1813,"2133496",9706,0,1,0,0,0,58.96
1814,"2133496",9769,0,1,1,0,0,58.96
1815,"2133496",9810,0,0,0,1,1,65.04
1816,"2133496",9820,0,2,1,0,0,65.04
1817,"2133496",9825,0,1,0,0,0,65.04
1818,"2133496",9974,0,1,0,0,0,65.04
1820,"2133496",10083,0,2,0,0,0,65.04
1821,"2133496",10231,1,0,1,0,0,68.96
1822,"2133496",10285,1,0,0,0,0,68.96
1823,"2133496",10288,0,2,0,0,0,68.96
1824,"2133496",10323,0,2,0,0,0,68.96
1825,"2133496",10403,5,0,1,0,0,50
1826,"2133496",10426,0,2,0,0,0,50
1827,"2133496",10446,0,0,1,0,1,50
1830,"2133611",10109,0,0,1,0,0,33.04
1831,"2133611",10172,0,0,1,0,0,39.04
1832,"2133660",9747,1,0,0,0,0,58.96
1833,"2133660",9750,0,1,0,0,0,58.96
1834,"2133660",10215,0,0,0,1,0,68.96
1835,"2133983",10143,1,0,0,0,0,68.96
1836,"2133983",10345,1,0,0,0,0,68.96
1837,"2133983",10366,0,0,0,0,1,68.96
1838,"2133983",10380,1,1,1,0,0,50
1839,"2134023",9806,1,0,0,0,1,39.04
1840,"2134023",10160,0,0,0,0,1,68.96
1841,"2134122",9679,0,0,0,0,1,58.96
1842,"2134122",9683,1,0,1,0,0,58.96
1843,"2134122",9687,0,0,0,0,1,58.96
1844,"2134122",9689,0,0,0,0,2,58.96
1846,"2134122",9700,0,0,1,0,0,58.96
1847,"2134122",9711,0,0,1,0,2,58.96
1848,"2134122",9723,0,0,1,0,1,58.96
1849,"2134122",9741,0,0,1,0,2,58.96
1850,"2134122",9749,0,0,1,0,0,58.96
1851,"2134122",9761,0,0,0,0,2,58.96
1852,"2134122",9816,0,0,1,0,2,58.96
1853,"2134122",9884,2,0,0,0,1,65.04
1854,"2134122",9932,0,0,0,0,6,50
1855,"2134122",10000,0,0,1,0,0,65.04
1856,"2134122",10108,0,0,1,0,1,33.04
1857,"2134122",10111,1,0,1,0,0,33.04
1858,"2134122",10142,0,0,10,0,0,68.96
1859,"2134122",10254,0,0,1,0,1,68.96
1860,"2134122",10289,0,0,2,0,1,68.96
1861,"2134122",10359,1,0,0,0,0,68.96
1862,"2134288",9669,0,0,0,0,2,58.96
1863,"2134288",9685,1,0,0,0,0,58.96
1864,"2134288",9730,2,1,0,0,0,58.96
1865,"2134288",9733,2,0,0,0,0,58.96
1866,"2134288",9857,1,0,0,0,0,65.04
1867,"2134288",9876,2,0,0,0,0,65.04
1868,"2134288",9896,1,0,0,0,0,65.04
1869,"2134288",9935,1,0,0,0,0,50
1870,"2134288",9959,1,0,0,0,0,65.04
1871,"2134288",10022,1,0,0,0,0,65.04
1872,"2134288",10024,1,0,0,0,0,65.04
1873,"2134288",10032,1,0,0,0,0,65.04
1874,"2134288",10129,1,1,0,0,0,45.04
1875,"2134288",10135,1,1,0,0,0,68.96
1876,"2134288",10160,3,0,0,0,0,65.04
1877,"2134288",10174,1,1,0,0,1,65.04
1878,"2134288",10181,1,0,0,0,0,68.96
1879,"2134288",10197,1,1,0,0,0,65.04
1880,"2134288",10232,1,1,0,0,0,68.96
1881,"2134288",10262,2,1,0,0,1,44
1882,"2134288",10282,1,0,0,0,0,65.04
1883,"2134288",10320,1,0,0,0,0,65.04
1884,"2134452",9918,1,0,1,0,0,68.96
1885,"2134452",10073,1,0,0,0,0,65.04
1886,"2134478",10111,0,0,0,1,0,33.04
1887,"2134478",10303,2,0,0,0,0,68.96
1888,"2134676",9698,0,0,0,0,1,58.96
1889,"2134676",9700,1,1,0,0,0,58.96
1892,"2134676",9892,0,0,0,0,1,65.04
1896,"2134676",10025,0,1,0,0,1,65.04
1897,"2134676",10030,0,1,0,0,0,65.04
1898,"2134676",10299,0,0,1,0,0,68.96
1900,"2134676",10424,0,0,2,0,0,68.96
1901,"2134676",10446,0,0,1,0,0,68.96
1902,"2134874",10018,0,0,0,0,1,48.96
1903,"2134874",10317,0,0,0,0,2,68.96
1904,"2135251",9811,0,0,0,0,1,39.04
1905,"2135251",10424,1,0,1,0,0,50
1906,"2135301",9677,0,0,0,1,0,58.96
1907,"2135301",9805,1,0,0,0,0,39.04
1908,"2135384",9810,0,2,0,0,0,39.04
1909,"2135384",10108,2,2,0,1,0,33.04
1910,"2135384",10147,1,0,1,0,0,68.96
1911,"2135681",9794,0,0,0,1,0,65.04
1912,"2135681",10169,2,0,0,0,1,39.04
1913,"2135996",10027,0,1,0,0,0,65.04
1914,"2135996",10064,0,1,0,0,0,65.04
1915,"2135996",10100,1,1,0,0,0,65.04
1916,"2135996",10194,0,1,0,0,0,68.96
1917,"2135996",10316,0,1,0,0,0,68.96
1918,"2136069",9746,1,2,0,0,0,39.04
1919,"2136069",9771,1,1,0,0,0,39.04
1920,"2136531",10168,0,0,0,0,1,68.96
1921,"2136531",10173,1,0,0,0,0,68.96
1922,"2136531",10184,0,1,0,0,0,68.96
1923,"2136531",10197,1,0,0,0,0,68.96
1924,"2136531",10203,1,0,1,0,0,68.96
1925,"2136531",10210,1,1,0,0,0,68.96
1926,"2136531",10214,0,1,0,0,0,68.96
1928,"2136531",10230,3,0,0,0,0,68.96
1929,"2136531",10235,1,1,0,0,0,68.96
1930,"2136531",10243,1,1,0,0,0,68.96
1931,"2136531",10248,1,0,0,0,0,68.96
1932,"2136531",10253,0,0,0,0,1,68.96
1933,"2136531",10271,1,1,0,0,0,68.96
1934,"2136531",10280,1,0,0,0,1,68.96
1935,"2136531",10284,1,0,0,0,0,68.96
1936,"2136531",10307,1,1,0,0,0,68.96
1937,"2136531",10382,1,0,0,0,0,50
1939,"2136531",10401,0,0,2,0,0,68.96
1940,"2136531",10403,0,0,3,0,0,68.96
1942,"2136531",10410,0,2,0,0,0,68.96
1943,"2136531",10421,1,0,0,0,0,68.96
1944,"2136531",10446,0,0,1,0,1,50
1945,"2136531",10450,0,2,0,0,0,50
1947,"2136697",9666,1,0,1,0,0,62
1949,"2136697",10432,1,1,0,0,0,68.96
1950,"2136960",9878,2,0,0,0,0,65.04
1951,"2136960",9979,0,0,1,0,0,65.04
1952,"2136960",10105,0,0,1,0,0,65.04
1953,"2136960",10450,0,0,1,0,0,68.96
1954,"2137067",9882,0,0,0,1,0,65.04
1955,"2137067",9904,0,0,0,1,0,65.04
1957,"2137380",9743,1,0,1,0,0,58.96
1958,"2137380",9769,0,0,1,0,0,58.96
1959,"2137380",10343,2,0,0,0,0,50
1960,"2137687",9774,0,1,1,0,0,65.04
1961,"2137687",10046,11,0,0,0,0,65.04
1962,"2137687",10091,4,0,0,0,0,65.04
1963,"2137687",10278,1,0,0,0,0,68.96
1964,"2137745",9669,2,0,0,0,0,58.96
1965,"2137745",9697,4,0,0,0,0,58.96
1966,"2137745",9711,4,0,0,0,0,58.96
1967,"2137745",9732,3,0,0,0,1,58.96
1968,"2137745",9752,2,1,0,0,1,58.96
1969,"2137745",9767,0,0,0,0,1,58.96
1970,"2137745",9780,2,0,0,0,0,65.04
1971,"2137745",9794,3,0,0,0,0,65.04
1972,"2137745",9809,3,0,0,0,0,65.04
1973,"2137745",9823,3,0,0,0,0,65.04
1974,"2137745",10002,2,0,0,0,0,65.04
1975,"2137745",10228,0,0,0,0,1,68.96
1977,"2138966",9688,0,0,1,0,0,58.96
1979,"2138966",9722,0,0,1,0,0,58.96
1980,"2138966",9732,0,0,2,0,0,58.96
1981,"2138966",9743,0,0,2,0,0,39.04
1983,"2138966",9771,1,0,2,0,0,39.04
1984,"2138966",9806,1,0,2,0,0,39.04
1985,"2138966",9935,1,0,0,0,0,50
1986,"2138966",9939,1,0,0,0,0,65.04
1987,"2138966",9988,2,1,3,0,0,48.96
1988,"2138966",10021,0,0,1,0,0,48.96
1990,"2138966",10121,1,0,2,0,0,50
1991,"2138966",10271,0,0,1,0,0,58.96
1992,"2138966",10275,3,0,0,0,0,50
1993,"2138966",10337,0,0,1,0,0,50
1999,"2139162",9977,2,0,2,0,0,65.04
2000,"2139162",9979,0,0,1,0,0,65.04
2001,"2139162",9992,1,0,0,0,0,65.04
2002,"2139162",10246,0,0,1,0,0,68.96
2004,"2139626",10341,0,0,1,0,0,50
2005,"2139626",10452,1,0,0,0,0,50
2006,"2139766",9684,0,0,1,0,0,58.96
2007,"2139766",9699,0,0,1,0,0,58.96
2009,"2139766",9753,0,0,1,0,0,58.96
2010,"2139766",9781,0,0,1,0,0,65.04
2011,"2139766",9795,0,0,1,0,0,65.04
2013,"2139766",9879,0,0,1,0,0,65.04
2014,"2139766",9935,1,0,1,0,0,50
2015,"2139766",10175,0,0,1,0,0,68.96
2016,"2139766",10273,0,0,2,0,0,68.96
2017,"2139774",9745,0,0,1,0,0,39.04
2018,"2139774",10109,0,1,0,0,1,33.04
2019,"2139774",10332,1,0,0,0,0,65.04
2022,"2140483",9689,0,0,0,0,1,58.96
2023,"2140483",9710,0,0,0,0,1,58.96
2024,"2140483",9717,0,0,1,0,0,58.96
2025,"2140483",9724,0,0,1,0,0,58.96
2026,"2140483",9729,0,0,1,0,0,58.96
2028,"2141002",9744,0,1,1,0,0,39.04
2029,"2141002",9745,0,0,1,0,1,39.04
2030,"2141002",9772,1,1,1,0,0,39.04
2031,"2141002",10108,0,0,1,0,0,33.04
2032,"2141002",10172,1,1,1,0,0,39.04
2033,"2141002",10178,0,0,1,0,0,50
2034,"2141002",10262,4,1,0,0,0,44
2035,"2141002",10269,0,1,1,0,0,50
2036,"2141002",10297,1,1,1,0,0,39.04
2037,"2141341",9933,2,0,1,0,0,50
2038,"2141341",10108,0,0,0,0,1,33.04
2039,"2141507",9773,1,1,0,0,1,39.04
2040,"2141507",9783,1,0,0,0,1,65.04
2041,"2141507",10334,1,0,0,0,0,68.96
2042,"2141507",10341,1,0,0,0,0,68.96
2043,"2141549",10016,0,0,3,0,0,48.96
2044,"2141549",10023,0,0,0,1,0,48.96
2045,"2141549",10070,1,0,1,0,1,65.04
2046,"2141549",10087,1,0,0,0,2,65.04
2047,"2141549",10106,2,0,2,0,0,33.04
2048,"2141549",10229,1,0,1,0,0,68.96
2049,"2141812",10036,1,0,0,0,0,65.04
2050,"2141812",10323,1,0,2,0,0,68.96
2051,"2141812",10342,0,0,0,0,2,50
2052,"2141812",10414,0,0,2,0,0,68.96
2053,"2141812",10419,1,0,0,0,0,68.96
2054,"2141812",10431,0,0,1,0,0,68.96
2055,"2141861",9747,0,1,0,0,0,39.04
2056,"2141861",9906,0,0,0,1,0,65.04
2057,"2141861",10142,0,0,0,1,0,68.96
2058,"2141861",10146,0,0,0,1,0,68.96
2060,"2142885",9747,0,0,0,1,0,39.04
2061,"2142885",9810,1,0,0,0,0,65.04
2062,"2142885",9856,0,0,0,1,0,65.04
2063,"2142885",9863,0,0,0,1,0,65.04
2064,"2142885",9872,0,0,0,1,0,65.04
2065,"2142885",9923,0,0,0,1,0,65.04
2066,"2142885",9955,0,0,0,1,0,65.04
2067,"2142885",10020,0,0,0,1,0,48.96
2068,"2142885",10024,0,0,0,1,0,65.04
2069,"2142885",10384,0,0,0,2,0,50
2071,"2142976",9746,0,0,1,0,0,58.96
2072,"2142976",9773,0,1,1,0,0,39.04
2073,"2142976",9907,0,0,1,0,0,50
2074,"2142976",10241,0,0,0,1,0,68.96
2075,"2143180",9673,0,0,0,1,0,58.96
2076,"2143180",9715,0,0,0,1,0,58.96
2077,"2143180",9736,0,0,0,1,0,58.96
2078,"2143180",9743,1,0,2,0,0,39.04
2079,"2143180",9750,0,0,0,1,0,58.96
2080,"2143180",9912,0,0,0,1,0,50
2081,"2143180",10151,0,0,1,0,0,33.04
2082,"2143180",10225,0,0,0,1,0,68.96
2084,"2143180",10350,0,0,1,0,0,65.04
2087,"2143271",10154,1,1,0,0,0,33.04
2088,"2143271",10174,1,1,0,0,1,39.04
2089,"2143271",10182,0,1,1,0,0,50
2091,"2143396",10015,0,0,0,0,1,48.96
2092,"2143396",10380,0,0,1,0,0,50
2094,"2143503",9976,0,0,0,0,1,65.04
2095,"2143503",10072,1,0,1,0,0,65.04
2096,"2143503",10256,1,0,0,0,0,68.96
2097,"2143503",10277,1,0,0,0,0,68.96
2100,"2143586",9906,1,0,0,0,1,50
2101,"2143586",9935,0,1,0,0,0,65.04
2102,"2143586",9986,1,0,0,0,0,68.96
2103,"2143875",9730,1,1,0,0,0,58.96
2104,"2143875",9743,2,2,0,0,0,39.04
2105,"2143875",9752,0,2,0,0,0,48.96
2106,"2143875",9758,0,2,0,0,0,48.96
2107,"2143875",9779,0,2,0,0,0,39.04
2108,"2143875",9990,0,4,0,0,0,48.96
2109,"2143875",10263,0,2,0,0,0,44
2110,"2143875",10298,0,2,0,0,0,39.04
2111,"2143875",10385,1,1,0,0,0,68.96
2112,"2144048",9773,1,0,0,0,0,39.04
2113,"2144048",9801,1,0,2,0,1,65.04
2114,"2144048",9992,2,0,4,0,0,48.96
2115,"2144048",10025,2,0,6,0,0,48.96
2116,"2144048",10171,0,0,0,0,1,39.04
2117,"2144048",10263,4,0,0,0,0,44
2118,"2144048",10298,2,0,3,0,0,39.04
2119,"2144048",10457,2,0,2,0,0,50
2120,"2144113",10301,0,1,0,0,0,39.04
2121,"2144113",10380,0,2,0,0,0,50
2122,"2144113",10449,0,2,0,0,0,50
2123,"2144469",10167,0,1,0,0,0,68.96
2124,"2144469",10171,0,5,0,0,0,39.04
2126,"2144576",9688,0,0,0,2,0,58.96
2127,"2144576",9954,0,0,0,0,1,65.04
2128,"2144576",9997,0,0,0,1,0,65.04
2129,"2144576",10451,0,0,0,1,0,50
2131,"2144675",9664,0,0,0,2,0,58.96
2133,"2144675",10242,1,0,0,0,0,65.04
2134,"2144675",10300,0,0,0,1,0,68.96
2135,"2145292",10004,0,1,0,0,0,65.04
2136,"2145292",10342,0,1,0,0,0,50
2137,"2145292",10385,0,0,0,0,1,50
2138,"2145292",10429,0,2,2,0,0,24.96
2139,"2145292",10443,0,1,0,0,1,50
2141,"2145326",9688,1,1,0,0,0,58.96
2142,"2145326",9695,1,0,0,0,0,58.96
2144,"2145326",9744,0,1,0,0,0,58.96
2145,"2145326",9751,0,1,0,0,0,58.96
2146,"2145326",9780,0,1,0,0,0,65.04
2147,"2145326",9793,0,2,0,0,1,65.04
2149,"2145326",9855,1,0,0,0,0,65.04
2150,"2145326",9884,0,0,1,0,0,65.04
2152,"2145326",9947,0,0,0,0,1,65.04
2153,"2145326",9954,1,0,1,0,0,45.04
2158,"2145326",10010,1,0,0,0,0,65.04
2160,"2145326",10024,0,0,1,0,0,65.04
2161,"2145326",10046,1,0,0,0,0,65.04
2163,"2145326",10059,0,0,1,0,0,65.04
2164,"2145326",10066,1,1,0,0,0,65.04
2165,"2145326",10073,1,2,0,0,0,65.04
2166,"2145326",10080,0,2,0,0,0,65.04
2167,"2145326",10087,1,2,0,0,0,65.04
2168,"2145326",10094,1,1,0,0,0,65.04
2169,"2145326",10136,1,0,0,0,0,68.96
2170,"2145326",10185,4,0,0,0,0,68.96
2171,"2145326",10190,2,0,0,0,0,68.96
2172,"2145326",10199,1,0,1,0,0,68.96
2173,"2145326",10213,2,0,0,0,0,68.96
2174,"2145326",10228,2,0,0,0,0,68.96
2176,"2145326",10255,2,0,0,0,0,68.96
2177,"2145326",10431,1,0,1,0,0,68.96
2179,"2145425",9766,0,1,0,0,0,58.96
2181,"2145425",10128,0,1,0,0,0,68.96
2182,"2145599",10230,0,1,2,0,0,68.96
2183,"2145599",10239,0,1,0,0,0,68.96
2184,"2145599",10269,1,1,1,0,0,68.96
2185,"2145599",10270,0,0,1,0,0,58.96
2186,"2145599",10281,0,1,2,0,0,68.96
2187,"2145599",10286,1,0,2,0,0,68.96
2188,"2145599",10292,3,0,0,0,0,68.96
2189,"2145599",10336,1,0,0,0,0,50
2190,"2145672",9763,3,0,0,0,0,58.96
2191,"2145672",9770,0,2,0,0,0,58.96
2192,"2145672",9835,0,2,0,0,0,65.04
2193,"2145672",9871,0,2,0,0,0,65.04
2194,"2145672",9909,0,3,0,0,0,65.04
2195,"2145672",9950,0,2,0,0,0,65.04
2196,"2145672",9957,0,0,0,0,1,65.04
2197,"2145672",9968,0,2,0,0,0,65.04
2199,"2145672",10237,0,2,0,0,0,68.96
2200,"2145672",10263,0,2,0,0,0,68.96
2201,"2145672",10300,1,0,0,0,0,68.96
2203,"2146035",9748,1,0,0,0,1,39.04
2204,"2146035",9763,1,0,0,0,0,58.96
2205,"2146035",9808,1,1,0,0,0,39.04
2206,"2146035",9815,1,1,0,0,1,39.04
2207,"2146035",9913,2,0,0,0,2,33.04
2208,"2146035",9934,3,0,0,0,0,50
2210,"2146035",10293,1,0,0,0,0,68.96
2212,"2146597",9885,0,0,1,0,0,65.04
2214,"2146597",9920,0,1,0,0,0,48.96
2215,"2146597",9927,1,0,0,0,0,65.04
2216,"2146597",9933,0,0,1,0,0,50
2217,"2146597",9941,1,0,0,0,0,65.04
2218,"2146597",9948,1,0,0,0,0,65.04
2220,"2146597",9963,1,0,2,0,0,65.04
2221,"2146597",9968,0,0,1,0,0,65.04
2222,"2146597",9977,0,0,1,0,0,65.04
2223,"2146597",10006,1,0,0,0,0,65.04
2225,"2146597",10031,1,0,0,0,0,65.04
2227,"2146597",10054,1,0,0,0,0,65.04
2228,"2146597",10144,0,0,1,0,0,65.04
2230,"2146597",10179,0,0,2,0,0,65.04
2231,"2146597",10333,2,0,0,0,0,65.04
2232,"2146597",10347,0,0,1,0,0,65.04
2233,"2146621",10200,0,0,0,0,1,68.96
2234,"2146621",10340,0,0,0,0,1,50
2235,"2146738",9810,0,0,0,0,2,65.04
2236,"2146738",9818,1,0,1,0,1,48.96
2237,"2146738",9846,2,0,0,0,2,65.04
2238,"2146738",10459,1,0,0,0,0,68.96
2239,"2147512",10098,1,0,0,0,0,65.04
2240,"2147512",10170,1,0,0,0,0,68.96
2241,"2147751",9714,0,0,0,0,1,58.96
2242,"2147751",9912,0,0,1,0,1,50
2243,"2147751",10390,0,0,0,2,0,50
2244,"2147777",9786,1,2,0,0,0,58.96
2245,"2147777",9806,0,1,1,0,0,39.04
2246,"2147777",9995,1,0,0,0,1,39.04
2247,"2147777",10023,0,0,1,0,1,48.96
2248,"2147777",10164,1,0,0,0,1,68.96
2249,"2147777",10172,1,1,0,0,0,39.04
2250,"2147777",10206,0,0,1,0,0,68.96
2251,"2147777",10255,0,2,0,0,0,68.96
2252,"2147777",10263,1,1,0,0,1,44
2253,"2147777",10271,0,1,0,0,1,58.96
2254,"2147777",10298,1,1,0,0,0,39.04
2255,"2147777",10334,0,2,0,0,0,68.96
2256,"2147777",10354,0,1,0,0,0,68.96
2257,"2147777",10375,0,1,0,0,0,68.96
2258,"2147777",10390,0,1,0,0,0,68.96
2259,"2147777",10447,0,2,0,0,0,68.96
2260,"2147777",10459,0,1,0,0,0,68.96
2261,"2147892",9747,0,2,1,0,0,39.04
2262,"2147892",9766,2,0,0,0,0,58.96
2263,"2147892",9774,2,0,0,0,1,39.04
2264,"2147892",9808,0,1,0,0,0,39.04
2265,"2147892",9907,2,0,0,0,2,65.04
2266,"2147892",9912,2,0,0,0,0,65.04
2267,"2147892",9926,0,1,0,0,0,65.04
2268,"2147892",9950,0,1,0,0,0,65.04
2269,"2147892",9963,0,1,0,0,0,65.04
2270,"2147892",9990,0,2,0,0,2,48.96
2272,"2147892",10144,2,0,0,0,0,68.96
2273,"2147892",10174,0,2,0,0,0,68.96
2274,"2147892",10271,0,2,0,0,0,68.96
2275,"2147892",10279,2,0,0,0,0,39.04
2276,"2147892",10286,5,0,0,0,0,68.96
2277,"2147892",10296,0,2,0,0,0,39.04
2278,"2147892",10300,0,2,0,0,0,68.96
2279,"2147892",10323,0,2,0,0,0,68.96
2280,"2147892",10328,0,2,0,0,0,68.96
2281,"2147892",10340,0,2,0,0,0,50
2282,"2147892",10358,0,0,0,0,2,68.96
2283,"2147892",10379,0,2,0,0,0,68.96
2284,"2147892",10392,0,0,2,0,0,50
2285,"2147892",10418,0,2,0,0,0,68.96
2289,"2147991",9732,0,0,0,0,1,58.96
2290,"2147991",9958,0,0,1,0,0,68.96
2291,"2147991",10150,0,0,0,0,1,68.96
2292,"2147991",10362,0,0,0,1,0,68.96
2294,"2148296",9790,5,0,0,0,0,39.04
2295,"2148296",9821,1,0,1,0,0,65.04
2296,"2148296",9910,1,0,0,0,0,65.04
2297,"2148296",9966,2,0,0,0,0,65.04
2299,"2148924",9707,0,0,0,1,0,58.96
2300,"2148924",9873,0,0,0,1,0,65.04
2301,"2148924",9880,0,0,0,1,0,65.04
2302,"2148924",10076,0,0,0,1,0,65.04
2303,"2148924",10195,0,0,0,1,0,68.96
2304,"2148924",10318,0,0,0,1,0,68.96
2305,"2148924",10447,0,0,0,1,0,50
2307,"2149500",9667,0,0,1,0,0,68.96
2310,"2149500",9677,2,0,1,0,0,58.96
2311,"2149500",9688,0,0,2,0,0,58.96
2312,"2149500",9745,0,0,0,0,1,39.04
2313,"2149500",9763,2,0,0,0,0,58.96
2314,"2149500",9784,0,0,5,0,0,39.04
2315,"2149500",9790,5,0,0,0,0,39.04
2317,"2149500",9808,1,0,0,0,0,39.04
2319,"2149500",9822,0,0,1,0,1,65.04
2320,"2149500",9823,2,0,0,0,0,48.96
2322,"2149500",9841,0,0,2,0,0,39.04
2323,"2149500",9842,2,0,3,0,0,39.04
2324,"2149500",9882,2,0,0,0,0,65.04
2325,"2149500",9901,1,0,0,0,0,65.04
2327,"2149500",9911,1,0,1,0,1,50
2328,"2149500",9929,1,0,1,0,0,65.04
2329,"2149500",9933,0,0,0,0,1,50
2331,"2149500",9959,6,0,0,0,0,65.04
2332,"2149500",9977,2,0,0,0,0,65.04
2333,"2149500",9989,1,0,1,0,0,65.04
2334,"2149500",9991,2,0,3,0,3,48.96
2337,"2149500",10011,2,0,0,0,0,65.04
2338,"2149500",10014,0,0,1,0,0,65.04
2340,"2149500",10028,4,0,0,0,0,65.04
2341,"2149500",10031,1,0,0,0,0,65.04
2342,"2149500",10037,1,0,0,0,0,65.04
2343,"2149500",10042,1,0,2,0,0,65.04
2344,"2149500",10045,0,0,4,0,0,65.04
2346,"2149500",10067,2,0,0,0,0,65.04
2348,"2149500",10074,1,0,0,0,0,65.04
2349,"2149500",10089,2,0,1,0,0,65.04
2350,"2149500",10105,0,0,2,0,0,65.04
2352,"2149500",10109,6,0,0,0,0,33.36
2354,"2149500",10143,1,0,1,0,0,68.96
2355,"2149500",10154,2,0,0,0,0,33.04
2356,"2149500",10172,1,0,2,0,0,39.04
2357,"2149500",10189,0,0,0,0,1,68.96
2358,"2149500",10196,1,0,0,0,0,68.96
2359,"2149500",10208,1,0,0,0,0,68.96
2360,"2149500",10209,1,0,0,0,0,68.96
2362,"2149500",10225,1,0,0,0,0,68.96
2363,"2149500",10236,2,0,0,0,0,68.96
2364,"2149500",10265,1,0,0,0,0,68.96
2365,"2149500",10268,1,0,0,0,0,68.96
2366,"2149500",10296,2,0,0,0,0,39.04
2367,"2149500",10341,4,0,0,0,0,50
2368,"2149500",10343,0,0,3,0,0,50
2370,"2149500",10378,1,0,0,0,0,50
2371,"2149500",10384,0,0,0,0,1,50
2372,"2149500",10401,1,0,0,0,0,68.96
2377,"2149609",9699,0,1,0,0,0,58.96
2378,"2149609",9703,0,1,0,0,0,58.96
2379,"2149609",9941,0,1,0,0,0,65.04
2380,"2149609",9947,0,1,0,0,0,65.04
2381,"2149609",10017,2,0,0,0,0,48.96
2382,"2149609",10074,0,0,0,1,0,65.04
2383,"2150029",9745,0,0,0,1,0,39.04
2384,"2150029",10036,2,0,0,0,0,58.96
2385,"2150029",10041,2,0,0,0,0,65.04
2386,"2150029",10149,1,0,0,0,0,33.04
2388,"2150854",9931,2,0,0,0,0,65.04
2389,"2150854",9948,2,0,0,0,0,65.04
2390,"2150854",9989,4,0,0,0,0,48.96
2391,"2150854",9997,0,0,0,0,1,39.04
2392,"2150854",10296,0,0,1,0,1,39.04
2394,"2151423",9680,2,0,0,0,0,58.96
2395,"2151423",9751,2,0,0,0,0,58.96
2396,"2151423",10045,1,0,0,0,0,65.04
2397,"2151472",9800,1,0,0,0,0,65.04
2398,"2151472",9807,0,1,0,0,2,39.04
2399,"2151613",10054,0,0,0,1,0,65.04
2400,"2151613",10055,0,0,0,1,0,65.04
2401,"2151613",10406,1,0,0,0,0,50
2402,"2151829",10207,0,0,0,1,0,68.96
2403,"2151829",10214,0,0,0,1,0,39.04
2404,"2151829",10282,0,0,0,1,0,68.96
2405,"2152108",10330,0,0,1,0,0,68.96
2406,"2152108",10344,1,0,2,0,0,68.96
2407,"2152264",9974,0,2,0,0,0,65.04
2408,"2152264",10232,0,1,0,0,0,68.96
2409,"2152454",9691,1,1,0,0,0,58.96
2410,"2152454",10088,0,0,0,0,1,50
2411,"2152454",10125,0,0,0,4,0,68.96
2412,"2152454",10147,1,0,0,0,0,68.96
2413,"2152454",10414,2,0,0,0,0,68.96
2414,"2152702",9780,1,0,0,0,0,65.04
2419,"2152702",10065,1,0,0,0,0,65.04
2420,"2152702",10075,2,0,0,0,0,65.04
2421,"2152702",10077,1,0,0,0,0,65.04
2422,"2152702",10088,1,0,0,0,0,65.04
2423,"2152702",10108,1,0,0,0,0,65.04
2424,"2152702",10121,2,0,0,0,0,68.96
2425,"2152702",10129,1,0,0,0,0,68.96
2427,"2152702",10136,2,0,0,0,0,68.96
2428,"2152702",10141,0,0,0,0,2,68.96
2429,"2152702",10176,1,0,0,0,0,68.96
2430,"2152702",10189,1,0,0,0,0,68.96
2431,"2152702",10199,2,0,0,0,0,68.96
2432,"2152702",10210,1,0,0,0,0,68.96
2434,"2152702",10223,1,0,0,0,0,68.96
2435,"2152702",10228,1,0,0,0,0,68.96
2436,"2152702",10248,1,0,0,0,0,68.96
2437,"2152702",10263,4,0,0,0,0,68.96
2438,"2152702",10267,1,0,0,0,0,68.96
2439,"2152702",10278,2,0,0,0,0,68.96
2440,"2152702",10291,1,0,0,0,0,68.96
2441,"2152702",10305,2,0,0,0,0,68.96
2442,"2152702",10353,2,0,0,0,0,68.96
2443,"2152702",10373,1,0,0,0,0,68.96
2444,"2152702",10389,3,0,0,0,0,68.96
2445,"2152702",10411,2,0,0,0,0,68.96
2446,"2152702",10429,1,0,0,0,0,68.96
2447,"2152702",10430,2,0,0,0,0,50
2448,"2152702",10436,0,1,0,0,0,50
2449,"2152975",9875,1,0,0,0,0,65.04
2450,"2152975",10059,1,0,0,0,0,65.04
2451,"2153015",9951,1,0,0,0,0,65.04
2453,"2153015",9965,1,0,0,0,0,65.04
2454,"2153015",9970,1,0,0,0,0,65.04
2455,"2153015",9984,1,0,0,0,0,65.04
2456,"2153015",10000,1,0,0,0,0,65.04
2457,"2153163",10175,3,0,3,0,0,39.04
2458,"2153163",10179,0,3,0,0,0,68.96
2459,"2153163",10269,0,3,0,0,0,58.96
2460,"2153163",10276,9,0,0,0,0,39.04
2461,"2153163",10297,3,6,3,0,0,39.04
2462,"2153163",10301,3,12,0,0,6,39.04
2463,"2153387",10090,0,1,0,0,0,65.04
2464,"2153387",10098,0,3,0,0,0,65.04
2465,"2153387",10107,0,1,0,0,0,65.04
2466,"2153387",10113,2,0,0,0,1,50
2467,"2153387",10121,6,0,0,0,0,50
2468,"2153387",10146,0,2,0,0,0,68.96
2469,"2153387",10362,0,1,0,0,0,68.96
2470,"2153387",10383,1,0,0,0,0,68.96
2471,"2153387",10405,1,0,0,0,0,68.96
2472,"2153494",9747,0,0,0,1,0,58.96
2473,"2153494",9872,0,0,0,1,0,65.04
2474,"2153494",10018,0,1,0,0,0,48.96
2475,"2153494",10333,0,0,0,1,0,68.96
2476,"2153494",10339,0,0,0,1,0,50
2477,"2153619",9688,1,0,1,0,1,58.96
2478,"2153619",9780,0,1,0,0,0,65.04
2479,"2153619",9807,0,0,1,0,0,65.04
2480,"2153619",9902,0,1,1,0,0,65.04
2482,"2153619",10102,0,0,6,0,0,65.04
2483,"2153619",10122,1,0,0,0,1,68.96
2484,"2153619",10366,1,0,1,0,0,68.96
2485,"2153619",10456,0,0,1,0,0,68.96
2486,"2154278",9688,0,0,0,0,1,58.96
2487,"2154278",10128,0,0,0,1,0,68.96
2488,"2154278",10214,0,0,0,0,1,68.96
2490,"2154351",9918,0,0,0,1,0,50
2491,"2154351",10320,1,0,1,0,0,68.96
2492,"2154849",10343,0,1,0,0,0,68.96
2493,"2154849",10374,1,0,0,0,0,65.04
2494,"2154849",10432,0,1,0,0,1,24.96
2497,"2155697",9758,0,0,0,1,0,58.96
2498,"2155697",9762,0,0,0,2,0,58.96
2499,"2155697",9770,0,0,0,1,0,58.96
2500,"2155697",9791,0,0,0,1,0,65.04
2501,"2155697",9898,0,0,0,1,0,65.04
2502,"2155697",9923,0,0,0,1,0,65.04
2503,"2155697",9955,0,0,0,1,0,33.04
2504,"2155697",10055,0,0,0,1,0,65.04
2505,"2155697",10133,0,0,0,1,0,68.96
2506,"2155697",10148,0,0,0,1,0,68.96
2507,"2155697",10190,0,0,0,1,0,68.96
2508,"2155697",10198,0,0,0,1,0,68.96
2509,"2155697",10241,0,0,0,1,0,68.96
2510,"2155697",10267,0,0,0,2,0,68.96
2511,"2155697",10277,0,0,0,1,0,68.96
2512,"2155697",10326,0,0,0,1,0,68.96
2513,"2155929",10170,1,1,0,0,1,39.04
2514,"2155929",10171,0,1,0,0,0,39.04
2515,"2155929",10173,0,1,0,0,0,39.04
2516,"2155929",10238,1,0,0,0,0,68.96
2517,"2155929",10299,2,0,0,0,0,39.04
2518,"2155929",10301,1,0,0,0,0,39.04
2519,"2156224",9774,0,1,0,0,1,39.04
2520,"2156224",10303,0,1,0,0,0,68.96
2521,"2156224",10382,0,0,0,0,2,50
2522,"2157040",9959,1,0,0,0,1,65.04
2523,"2157040",10245,1,0,0,0,2,68.96
2524,"2157040",10255,1,0,0,0,0,68.96
2525,"2157040",10374,1,0,0,0,0,68.96
2526,"2157164",9928,0,1,0,0,0,65.04
2527,"2157164",10327,0,1,0,0,0,68.96
2528,"2157420",9787,0,0,1,0,1,39.04
2529,"2157420",10150,0,0,0,0,1,33.04
2530,"2157420",10300,1,0,0,0,0,39.04
2531,"2158097",9743,0,0,0,0,3,39.04
2532,"2158097",9748,0,0,0,0,3,39.04
2533,"2158097",9830,0,0,0,0,2,65.04
2534,"2158097",10014,0,0,0,0,2,48.96
2535,"2158097",10017,0,0,0,0,2,48.96
2536,"2158097",10109,0,0,0,0,6,33.36
2537,"2158097",10110,0,0,6,0,0,33.36
2538,"2158097",10298,0,0,2,0,0,39.04
2539,"2158097",10452,0,0,0,0,2,50
2540,"2158196",10292,0,0,0,2,0,68.96
2541,"2158196",10452,1,0,0,0,1,50
2543,"2158436",9774,0,0,1,0,0,65.04
2545,"2158436",9840,0,0,1,0,0,65.04
2546,"2158436",9896,0,0,0,1,0,65.04
2547,"2158436",10058,0,0,1,0,0,65.04
2548,"2158436",10072,0,0,1,0,0,65.04
2550,"2158436",10204,0,0,1,0,0,68.96
2552,"2158436",10429,1,0,0,0,0,24.96
2553,"2158642",9694,0,0,0,0,1,58.96
2554,"2158642",9759,0,0,0,0,2,58.96
2555,"2158642",9772,0,0,0,0,2,58.96
2556,"2158642",9871,0,0,0,0,2,65.04
2557,"2158642",10111,0,0,0,0,3,33.36
2558,"2158642",10265,0,0,0,0,2,44
2559,"2158873",10257,0,1,0,0,0,68.96
2560,"2158873",10409,6,0,0,0,0,68.96
2562,"2159897",9896,1,0,0,0,0,65.04
2563,"2159897",10115,0,0,1,0,0,50
2564,"2159897",10151,0,0,1,0,0,33.04
2565,"2160259",9774,1,0,0,0,0,65.04
2566,"2160259",9781,2,0,1,0,1,65.04
2567,"2160259",9843,1,0,0,0,0,65.04
2568,"2160259",9962,1,0,0,0,0,65.04
2569,"2160259",10451,0,0,1,0,0,50
2570,"2160382",9931,2,0,0,0,0,50
2571,"2160382",10115,2,0,0,0,0,50
2572,"2160440",10152,0,0,3,0,0,33.36
2574,"2160440",10167,2,0,0,0,0,50
2575,"2160440",10172,0,0,2,0,0,39.04
2576,"2160440",10278,2,0,0,0,0,39.04
2577,"2160440",10285,0,0,2,0,0,68.96
2578,"2160440",10292,0,0,1,0,0,68.96
2579,"2160440",10299,2,0,2,0,0,39.04
2581,"2160549",10340,0,0,1,0,1,50
2582,"2160549",10380,0,0,1,0,1,50
2584,"2160762",10111,0,0,0,3,0,33.04
2585,"2160762",10342,0,0,0,2,0,50
2586,"2160762",10386,0,0,0,2,0,50
2589,"2161554",9688,0,0,0,1,0,58.96
2590,"2161554",9976,1,0,0,0,0,65.04
2591,"2161554",10017,0,0,0,1,0,65.04
2592,"2161554",10084,0,0,0,1,0,65.04
2593,"2161554",10098,0,0,0,1,0,65.04
2594,"2161554",10119,0,0,0,1,0,68.96
2595,"2161554",10149,0,3,2,0,0,33.04
2596,"2161554",10295,0,0,0,2,0,39.04
2597,"2161885",9743,0,1,1,0,0,39.04
2598,"2161885",9747,0,2,0,0,0,39.04
2599,"2161885",9774,0,0,1,0,0,39.04
2600,"2161885",9810,0,1,1,0,0,39.04
2601,"2161885",9845,0,2,0,0,0,39.04
2602,"2161885",10391,2,0,0,0,0,50
2603,"2162206",9766,0,1,0,0,0,58.96
2604,"2162206",9924,1,0,0,0,0,68.96
2605,"2162206",9981,0,0,0,0,1,65.04
2606,"2162206",10337,1,1,0,0,0,50
2607,"2162206",10359,2,0,0,0,0,68.96
2608,"2162206",10379,0,0,0,0,1,50
2609,"2162313",9878,0,0,0,0,1,65.04
2610,"2162313",10256,0,0,0,1,0,68.96
2611,"2162313",10277,0,1,0,0,0,68.96
2612,"2162313",10291,0,0,0,1,0,68.96
2613,"2162313",10347,0,0,0,1,0,68.96
2615,"2162545",9975,0,2,0,0,2,65.04
2616,"2162545",10069,1,0,0,0,0,65.04
2617,"2162545",10154,1,1,1,0,0,33.04
2618,"2162545",10228,0,0,0,0,1,68.96
2619,"2162669",9744,0,1,1,0,0,39.04
2620,"2162669",10018,0,1,0,0,0,48.96
2621,"2162669",10295,0,1,1,0,0,39.04
2623,"2164392",9724,0,1,0,0,0,58.96
2624,"2164392",10299,1,1,0,0,0,65.04
2625,"2164756",9936,1,0,0,0,0,65.04
2626,"2164756",10021,1,0,0,0,0,48.96
2627,"2164863",9799,0,1,0,0,0,65.04
2628,"2164863",9846,0,3,0,0,0,65.04
2629,"2164863",10359,0,0,0,0,1,68.96
2637,"2165746",9667,2,0,0,0,0,62
2638,"2165746",9678,2,0,0,0,0,58.96
2639,"2165746",9706,2,0,0,0,0,58.96
2640,"2165746",9737,2,0,0,0,0,58.96
2641,"2165746",9785,1,0,0,0,0,65.04
2642,"2165746",9885,0,2,0,0,0,65.04
2644,"2165746",9909,2,0,0,0,0,65.04
2645,"2165746",9920,0,0,0,0,1,65.04
2646,"2165746",9954,0,0,1,0,0,63.04
2647,"2165746",10013,1,0,0,0,0,65.04
2648,"2165746",10020,2,0,0,0,1,48.96
2649,"2165746",10040,1,0,0,0,0,65.04
2650,"2165746",10084,0,0,2,0,0,65.04
2651,"2165746",10119,1,0,0,0,0,50
2652,"2165746",10170,0,0,1,0,0,39.04
2653,"2165746",10237,1,0,0,0,0,68.96
2654,"2165746",10254,1,0,0,0,0,68.96
2655,"2165746",10280,2,0,0,0,0,39.04
2656,"2165746",10296,0,0,1,0,0,39.04
2657,"2165746",10301,0,0,0,0,2,39.04
2658,"2165746",10315,0,0,1,0,0,68.96
2659,"2165746",10367,1,0,0,0,0,65.04
2661,"2165746",10450,1,0,0,0,0,50
2662,"2165746",10452,0,0,1,0,0,50
2663,"2165779",10025,0,1,0,0,0,48.96
2664,"2165779",10106,3,0,0,0,0,33.52
2665,"2165779",10134,1,0,0,0,0,68.96
2666,"2165779",10142,1,0,0,0,0,68.96
2667,"2165779",10171,2,0,2,0,0,39.04
2668,"2165779",10277,2,0,0,0,0,39.04
2669,"2165779",10280,4,0,0,0,0,39.04
2670,"2165779",10300,2,0,0,0,2,39.04
2671,"2165779",10417,1,0,0,0,1,68.96
2672,"2165951",9667,0,2,0,0,0,62
2673,"2165951",9705,0,1,0,0,0,58.96
2674,"2165951",9779,3,0,0,0,0,39.04
2675,"2165951",9917,0,1,0,0,0,65.04
2676,"2165951",10029,0,1,0,0,0,65.04
2677,"2165951",10272,0,1,0,0,0,50
2678,"2165951",10336,0,1,0,0,0,50
2679,"2166223",10018,0,0,0,1,0,48.96
2680,"2166223",10386,0,0,0,2,0,50
2682,"2166934",9720,0,0,0,0,1,58.96
2683,"2166934",10168,1,0,0,0,0,68.96
2684,"2166934",10174,0,0,0,0,2,39.04
2685,"2167221",10388,2,0,0,0,0,68.96
2686,"2167221",10441,0,0,2,0,0,68.96
2687,"2167320",9705,1,0,0,0,0,58.96
2688,"2167320",9950,1,0,0,0,0,45.04
2689,"2167320",10255,1,0,0,0,0,68.96
2691,"2167817",9747,1,0,1,0,0,58.96
2692,"2167817",9771,1,0,1,0,0,39.04
2694,"2167817",10274,1,0,0,0,0,65.04
2695,"2167825",9679,0,0,0,0,2,58.96
2697,"2167825",9788,8,0,0,0,0,39.04
2698,"2168005",9935,1,0,0,0,1,50
2699,"2168005",9953,0,0,0,0,2,45.04
2700,"2168013",9808,0,1,0,0,0,39.04
2701,"2168013",10333,0,0,1,0,0,68.96
2702,"2168443",9811,0,1,0,0,2,39.04
2703,"2168443",9819,0,0,0,0,8,48.96
2704,"2168443",9824,0,2,0,0,0,48.96
2705,"2168443",9992,0,3,0,0,0,48.96
2706,"2168443",10018,0,0,0,0,2,48.96
2707,"2168443",10152,0,6,0,0,0,33.36
2708,"2168443",10175,0,6,0,0,0,39.04
2709,"2168443",10182,0,2,0,0,0,50
2710,"2168443",10266,2,2,0,0,2,44
2711,"2168443",10272,0,2,0,0,0,50
2712,"2168443",10340,0,2,0,0,0,50
2713,"2168443",10343,0,0,0,0,2,50
2714,"2168443",10387,1,3,1,0,0,50
2715,"2168443",10389,0,2,0,0,0,50
2716,"2168443",10450,2,2,2,0,0,50
2718,"2169128",9724,3,0,0,0,0,58.96
2720,"2169128",9759,2,0,0,0,0,58.96
2721,"2169128",10053,1,0,0,0,0,65.04
2722,"2169128",10088,1,0,0,0,0,65.04
2723,"2169250",9671,1,0,0,0,1,62
2724,"2169250",9709,1,0,0,0,1,58.96
2725,"2169268",10243,0,0,1,0,0,68.96
2726,"2169268",10253,2,0,0,0,0,68.96
2727,"2169268",10284,0,0,3,0,0,68.96
2728,"2169268",10380,0,1,0,0,0,68.96
2729,"2169268",10396,1,0,0,0,0,68.96
2730,"2169268",10425,0,2,0,0,0,68.96
2731,"2169268",10455,2,0,4,0,0,50
2732,"2169896",9900,0,0,0,1,0,65.04
2733,"2169896",10031,0,0,0,1,0,65.04
2734,"2169896",10101,0,0,0,1,0,65.04
2735,"2169896",10115,0,0,0,1,0,68.96
2736,"2169896",10207,0,0,0,1,0,39.04
2737,"2169896",10315,0,0,0,1,0,68.96
2738,"2169896",10318,0,0,0,1,0,68.96
2742,"2170639",9809,0,0,0,1,0,65.04
2743,"2170639",10010,0,0,0,1,0,65.04
